名前,住所,最寄り駅１,最寄り駅２,最寄り駅３,築年数,建物全体の階数,階数,賃料,管理費,敷金,礼金,間取り,面積,URL,建物階数_最小,建物階数_最大,階数_最小,階数_最大
ZOOM都立大学,東京都目黒区中根１,東急東横線/都立大学駅 歩5分,東急東横線/自由が丘駅 歩15分,東急大井町線/緑が丘駅 歩19分,8,9階建,7階,247000,16000,247000,247000,2LDK,53.7,https://suumo.jp/chintai/jnc_000086561596/?bc=100357866961,0,9,7,7
東急東横線 都立大学駅 9階建 築8年,東京都目黒区中根１,東急東横線/都立大学駅 歩5分,東急東横線/自由が丘駅 歩15分,東急大井町線/自由が丘駅 歩15分,8,9階建,7階,247000,16000,247000,247000,2LDK,53.7,https://suumo.jp/chintai/jnc_000058337558/?bc=100357928602,0,9,7,7
パシフィック　レジデンス　目黒本町,東京都目黒区目黒本町２,東急東横線/学芸大学駅 歩15分,東急目黒線/西小山駅 歩18分,東急目黒線/武蔵小山駅 歩19分,17,7階建,2階,281000,12000,281000,0,2LDK,75.58,https://suumo.jp/chintai/jnc_000087130292/?bc=100348763906,0,7,2,2
パーク・ハイム目黒碑文谷,東京都目黒区碑文谷１,東急東横線/学芸大学駅 歩16分,東急目黒線/西小山駅 歩16分,東急東横線/都立大学駅 歩18分,26,地下1地上8階建,3階,218000,0,218000,218000,2LDK,66.54,https://suumo.jp/chintai/jnc_000086968363/?bc=100357062593,-1,8,3,3
東急目黒線 大岡山駅 6階建 築3年,東京都目黒区大岡山１,東急目黒線/大岡山駅 歩7分,東急大井町線/緑が丘駅 歩14分,東急目黒線/洗足駅 歩15分,3,6階建,2階,119000,15000,0,119000,2K,26.35,https://suumo.jp/chintai/jnc_000087044658/?bc=100357930790,0,6,2,2
東急目黒線 大岡山駅 6階建 築3年,東京都目黒区大岡山１,東急目黒線/大岡山駅 歩7分,東急大井町線/緑が丘駅 歩14分,東急目黒線/洗足駅 歩15分,3,6階建,2階,124000,15000,0,0,2K,26.35,https://suumo.jp/chintai/jnc_000087044659/?bc=100357930799,0,6,2,2
東急目黒線 大岡山駅 6階建 築3年,東京都目黒区大岡山１,東急目黒線/大岡山駅 歩7分,東急大井町線/緑が丘駅 歩14分,東急目黒線/洗足駅 歩15分,3,6階建,1階,124500,15000,0,124500,2K,29.29,https://suumo.jp/chintai/jnc_000087019800/?bc=100357336179,0,6,1,1
東急東横線 学芸大学駅 3階建 築22年,東京都目黒区中央町１,東急東横線/学芸大学駅 歩10分,東急東横線/祐天寺駅 歩17分,東急目黒線/武蔵小山駅 歩19分,22,3階建,1階,122000,4000,122000,122000,2K,36.31,https://suumo.jp/chintai/jnc_000085708673/?bc=100349907680,0,3,1,1
東急目黒線 武蔵小山駅 7階建 築25年,東京都目黒区目黒本町５,東急目黒線/武蔵小山駅 歩6分,東急目黒線/西小山駅 歩12分,東急目黒線/不動前駅 歩19分,25,7階建,7階,95000,0,95000,95000,2K,31.01,https://suumo.jp/chintai/jnc_000033354018/?bc=100355661132,0,7,7,7
木下マンション,東京都目黒区原町１,東急目黒線/西小山駅 歩1分,東急目黒線/武蔵小山駅 歩11分,東急目黒線/洗足駅 歩10分,47,3階建,3階,92000,3000,92000,92000,2K,33.06,https://suumo.jp/chintai/jnc_000087103542/?bc=100357798839,0,3,3,3
柿の木坂K&F,東京都目黒区柿の木坂２,東急東横線/都立大学駅 歩10分,東急東横線/学芸大学駅 歩16分,東急田園都市線/駒沢大学駅 歩24分,29,2階建,1階,120000,3000,120000,120000,2DK,41.8,https://suumo.jp/chintai/jnc_000057189679/?bc=100357807321,0,2,1,1
アルテシモクルブ,東京都目黒区目黒本町３,東急目黒線/武蔵小山駅 歩5分,東急目黒線/西小山駅 歩12分,東急池上線/戸越銀座駅 歩22分,0,6階建,1階,183000,15000,0,0,2DK,40.06,https://suumo.jp/chintai/jnc_000086672255/?bc=100355268362,0,6,1,1
アルテシモクルブ,東京都目黒区目黒本町３,東急目黒線/武蔵小山駅 歩5分,東急目黒線/西小山駅 歩12分,東急池上線/戸越銀座駅 歩22分,0,6階建,1階,185000,15000,0,0,2DK,41.44,https://suumo.jp/chintai/jnc_000086659471/?bc=100355897116,0,6,1,1
アルテシモクルブ,東京都目黒区目黒本町３,東急目黒線/武蔵小山駅 歩5分,東急目黒線/西小山駅 歩12分,東急池上線/戸越銀座駅 歩22分,0,6階建,2階,185000,15000,0,0,2DK,40.14,https://suumo.jp/chintai/jnc_000086672256/?bc=100355156514,0,6,2,2
アルテシモクルブ,東京都目黒区目黒本町３,東急目黒線/武蔵小山駅 歩5分,東急目黒線/西小山駅 歩12分,東急池上線/戸越銀座駅 歩22分,0,6階建,2階,188000,15000,0,0,2DK,41.44,https://suumo.jp/chintai/jnc_000086672260/?bc=100355268658,0,6,2,2
アルテシモクルブ,東京都目黒区目黒本町３,東急目黒線/武蔵小山駅 歩5分,東急目黒線/西小山駅 歩12分,東急池上線/戸越銀座駅 歩22分,0,6階建,1階,190000,15000,0,0,2DK,40.14,https://suumo.jp/chintai/jnc_000086659468/?bc=100355038734,0,6,1,1
アルテシモクルブ,東京都目黒区目黒本町３,東急目黒線/武蔵小山駅 歩5分,東急目黒線/西小山駅 歩12分,東急池上線/戸越銀座駅 歩22分,0,6階建,3階,190000,15000,0,0,2DK,40.14,https://suumo.jp/chintai/jnc_000086672263/?bc=100355156512,0,6,3,3
アルテシモクルブ,東京都目黒区目黒本町３,東急目黒線/武蔵小山駅 歩5分,東急目黒線/西小山駅 歩12分,東急池上線/戸越銀座駅 歩22分,0,6階建,2階,191000,15000,0,0,2DK,40.13,https://suumo.jp/chintai/jnc_000086672259/?bc=100355131945,0,6,2,2
アルテシモクルブ,東京都目黒区目黒本町３,東急目黒線/武蔵小山駅 歩5分,東急目黒線/西小山駅 歩12分,東急池上線/戸越銀座駅 歩22分,0,6階建,3階,195000,15000,0,0,2DK,41.44,https://suumo.jp/chintai/jnc_000086672267/?bc=100355039274,0,6,3,3
アルテシモクルブ,東京都目黒区目黒本町３,東急目黒線/武蔵小山駅 歩5分,東急目黒線/西小山駅 歩12分,東急池上線/戸越銀座駅 歩22分,0,6階建,1階,195000,15000,0,0,2DK,40.13,https://suumo.jp/chintai/jnc_000086672254/?bc=100355056063,0,6,1,1
アルテシモクルブ,東京都目黒区目黒本町３,東急目黒線/武蔵小山駅 歩5分,東急目黒線/西小山駅 歩12分,東急池上線/戸越銀座駅 歩22分,0,6階建,4階,200000,15000,0,0,2DK,41.44,https://suumo.jp/chintai/jnc_000086672270/?bc=100355268125,0,6,4,4
アルテシモクルブ,東京都目黒区目黒本町３,東急目黒線/武蔵小山駅 歩5分,東急目黒線/西小山駅 歩12分,東急池上線/戸越銀座駅 歩22分,0,6階建,4階,201000,15000,0,0,2DK,40.06,https://suumo.jp/chintai/jnc_000086662824/?bc=100356895458,0,6,4,4
アルテシモクルブ,東京都目黒区目黒本町３,東急目黒線/武蔵小山駅 歩5分,東急目黒線/西小山駅 歩12分,東急池上線/戸越銀座駅 歩22分,0,6階建,3階,205000,15000,0,0,2DK,40.31,https://suumo.jp/chintai/jnc_000086672265/?bc=100355741467,0,6,3,3
アルテシモクルブ,東京都目黒区目黒本町３,東急目黒線/武蔵小山駅 歩5分,東急目黒線/西小山駅 歩12分,東急池上線/戸越銀座駅 歩22分,0,6階建,3階,205000,15000,0,0,2DK,40.13,https://suumo.jp/chintai/jnc_000086672266/?bc=100357889164,0,6,3,3
アルテシモクルブ,東京都目黒区目黒本町３,東急目黒線/武蔵小山駅 歩5分,東急目黒線/西小山駅 歩12分,東急池上線/戸越銀座駅 歩22分,0,6階建,3階,206000,15000,0,0,2DK,40.07,https://suumo.jp/chintai/jnc_000086672268/?bc=100355594110,0,6,3,3
アルテシモクルブ,東京都目黒区目黒本町３,東急目黒線/武蔵小山駅 歩5分,東急目黒線/西小山駅 歩12分,東急池上線/戸越銀座駅 歩22分,0,6階建,4階,207000,15000,0,0,2DK,40.31,https://suumo.jp/chintai/jnc_000086672269/?bc=100355741442,0,6,4,4
アルテシモクルブ,東京都目黒区目黒本町３,東急目黒線/武蔵小山駅 歩5分,東急目黒線/西小山駅 歩12分,東急池上線/戸越銀座駅 歩22分,0,6階建,4階,207000,15000,0,0,2DK,40.13,https://suumo.jp/chintai/jnc_000086655195/?bc=100355897235,0,6,4,4
アルテシモクルブ,東京都目黒区目黒本町３,東急目黒線/武蔵小山駅 歩5分,東急目黒線/西小山駅 歩12分,東急池上線/戸越銀座駅 歩22分,0,6階建,4階,208000,15000,0,0,2DK,40.07,https://suumo.jp/chintai/jnc_000086672272/?bc=100357000992,0,6,4,4
アルテシモクルブ,東京都目黒区目黒本町３,東急目黒線/武蔵小山駅 歩5分,東急目黒線/西小山駅 歩12分,東急池上線/戸越銀座駅 歩22分,0,6階建,5階,209000,15000,0,0,2DK,40.13,https://suumo.jp/chintai/jnc_000086672274/?bc=100355056079,0,6,5,5
アルテシモクルブ,東京都目黒区目黒本町３,東急目黒線/武蔵小山駅 歩5分,東急目黒線/西小山駅 歩12分,東急池上線/戸越銀座駅 歩22分,0,6階建,1階,210000,15000,0,0,2DK,40.31,https://suumo.jp/chintai/jnc_000086659470/?bc=100355088661,0,6,1,1
アルテシモクルブ,東京都目黒区目黒本町３,東急目黒線/武蔵小山駅 歩5分,東急目黒線/西小山駅 歩12分,東急池上線/戸越銀座駅 歩22分,0,6階建,5階,210000,15000,0,0,2DK,40.07,https://suumo.jp/chintai/jnc_000086655196/?bc=100355897227,0,6,5,5
アルテシモクルブ,東京都目黒区目黒本町３,東急目黒線/武蔵小山駅 歩5分,東急目黒線/西小山駅 歩12分,東急池上線/戸越銀座駅 歩22分,0,6階建,5階,235000,15000,0,0,2DK,40.45,https://suumo.jp/chintai/jnc_000086666855/?bc=100356888512,0,6,5,5
東急目黒線 武蔵小山駅 2階建 築23年,東京都目黒区下目黒５,東急目黒線/武蔵小山駅 歩15分,東急目黒線/不動前駅 歩18分,ＪＲ山手線/目黒駅 歩20分,23,2階建,2階,130000,3000,130000,130000,2DK,41.0,https://suumo.jp/chintai/jnc_000086813450/?bc=100356577099,0,2,2,2
アビタシオン碑文谷,東京都目黒区原町２,東急目黒線/西小山駅 歩12分,東急目黒線/洗足駅 歩14分,東急大井町線/大岡山駅 歩17分,24,3階建,1階,130000,3000,130000,130000,2DK,41.49,https://suumo.jp/chintai/jnc_000087109397/?bc=100357927928,0,3,1,1
東急東横線 都立大学駅 4階建 築3年,東京都目黒区碑文谷３,東急東横線/都立大学駅 歩8分,東急目黒線/大岡山駅 歩14分,東急東横線/学芸大学駅 歩19分,3,4階建,3階,205000,15000,0,0,2SLDK,48.02,https://suumo.jp/chintai/jnc_000085821773/?bc=100349193433,0,4,3,3
東急東横線 都立大学駅 4階建 築3年,東京都目黒区碑文谷３,東急東横線/都立大学駅 歩8分,東急目黒線/大岡山駅 歩14分,東急東横線/学芸大学駅 歩19分,3,4階建,2階,210000,15000,0,0,2SLDK,48.02,https://suumo.jp/chintai/jnc_000086846095/?bc=100356231848,0,4,2,2
東急東横線 都立大学駅 4階建 築3年,東京都目黒区碑文谷３,東急東横線/都立大学駅 歩8分,東急目黒線/大岡山駅 歩14分,東急東横線/学芸大学駅 歩19分,3,4階建,3階,210000,15000,0,0,2SLDK,47.05,https://suumo.jp/chintai/jnc_000085494156/?bc=100356402157,0,4,3,3
東急東横線 祐天寺駅 3階建 築33年,東京都目黒区中町２,東急東横線/祐天寺駅 歩5分,東急東横線/学芸大学駅 歩14分,東急目黒線/武蔵小山駅 歩29分,33,3階建,3階,136000,4000,136000,136000,2DK,41.81,https://suumo.jp/chintai/jnc_000086958475/?bc=100357068120,0,3,3,3
Gate127,東京都目黒区柿の木坂１,東急東横線/都立大学駅 歩9分,東急東横線/学芸大学駅 歩14分,東急大井町線/緑が丘駅 歩26分,0,7階建,2階,273000,15000,273000,273000,2LDK,61.59,https://suumo.jp/chintai/jnc_000085504533/?bc=100347217824,0,7,2,2
(仮称)碑文谷1丁目メゾン,東京都目黒区碑文谷１,東急目黒線/西小山駅 歩11分,東急目黒線/洗足駅 歩12分,東急目黒線/武蔵小山駅 歩17分,0,3階建,1階,226000,6500,226000,452000,2LDK,53.79,https://suumo.jp/chintai/jnc_000084658396/?bc=100341918417,0,3,1,1
(仮称)碑文谷1丁目メゾン,東京都目黒区碑文谷１,東急目黒線/西小山駅 歩11分,東急目黒線/洗足駅 歩12分,東急目黒線/武蔵小山駅 歩17分,0,3階建,2階,226000,6500,226000,452000,2LDK,53.79,https://suumo.jp/chintai/jnc_000084658397/?bc=100341918424,0,3,2,2
ＪＲ山手線 目黒駅 14階建 築7年,東京都目黒区下目黒３,ＪＲ山手線/目黒駅 歩10分,東急目黒線/不動前駅 歩12分,東急目黒線/武蔵小山駅 歩18分,7,14階建,4階,258000,15000,258000,258000,2LDK,55.11,https://suumo.jp/chintai/jnc_000086265537/?bc=100352337813,0,14,4,4
ＪＲ山手線 目黒駅 14階建 築7年,東京都目黒区下目黒３,ＪＲ山手線/目黒駅 歩10分,東急目黒線/不動前駅 歩12分,東急目黒線/武蔵小山駅 歩18分,7,14階建,6階,260000,15000,260000,260000,2LDK,55.11,https://suumo.jp/chintai/jnc_000086144140/?bc=100351572703,0,14,6,6
東急東横線 学芸大学駅 5階建 新築,東京都目黒区鷹番３,東急東横線/学芸大学駅 歩2分,東急東横線/祐天寺駅 歩17分,東急東横線/都立大学駅 歩20分,0,5階建,2階,194000,12000,194000,194000,2LDK,40.8,https://suumo.jp/chintai/jnc_000086572036/?bc=100357016821,0,5,2,2
東急東横線 学芸大学駅 5階建 新築,東京都目黒区鷹番３,東急東横線/学芸大学駅 歩2分,東急東横線/祐天寺駅 歩17分,東急東横線/都立大学駅 歩20分,0,5階建,3階,196000,12000,196000,196000,2LDK,40.8,https://suumo.jp/chintai/jnc_000086572038/?bc=100354935089,0,5,3,3
東急東横線 学芸大学駅 5階建 新築,東京都目黒区鷹番３,東急東横線/学芸大学駅 歩2分,東急東横線/祐天寺駅 歩17分,東急東横線/都立大学駅 歩20分,0,5階建,2階,197000,12000,197000,197000,2LDK,40.84,https://suumo.jp/chintai/jnc_000086572034/?bc=100358002817,0,5,2,2
東急東横線 学芸大学駅 5階建 新築,東京都目黒区鷹番３,東急東横線/学芸大学駅 歩2分,東急東横線/祐天寺駅 歩17分,東急東横線/都立大学駅 歩20分,0,5階建,4階,198000,12000,198000,198000,2LDK,40.8,https://suumo.jp/chintai/jnc_000086577258/?bc=100357827451,0,5,4,4
東急東横線 学芸大学駅 5階建 新築,東京都目黒区鷹番３,東急東横線/学芸大学駅 歩2分,東急東横線/祐天寺駅 歩17分,東急東横線/都立大学駅 歩20分,0,5階建,3階,199000,12000,199000,199000,2LDK,40.84,https://suumo.jp/chintai/jnc_000086577253/?bc=100354403586,0,5,3,3
東急東横線 学芸大学駅 5階建 新築,東京都目黒区鷹番３,東急東横線/学芸大学駅 歩2分,東急東横線/祐天寺駅 歩17分,東急東横線/都立大学駅 歩20分,0,5階建,5階,204000,12000,204000,204000,2LDK,40.84,https://suumo.jp/chintai/jnc_000086572041/?bc=100357016441,0,5,5,5
東急東横線 学芸大学駅 5階建 新築,東京都目黒区鷹番３,東急東横線/学芸大学駅 歩2分,東急東横線/祐天寺駅 歩17分,東急東横線/都立大学駅 歩20分,0,5階建,4階,209000,12000,209000,209000,2LDK,40.6,https://suumo.jp/chintai/jnc_000086577257/?bc=100356583626,0,5,4,4
東急東横線 学芸大学駅 5階建 新築,東京都目黒区鷹番３,東急東横線/学芸大学駅 歩2分,東急東横線/祐天寺駅 歩17分,東急東横線/都立大学駅 歩20分,0,5階建,5階,217000,12000,217000,217000,2LDK,40.6,https://suumo.jp/chintai/jnc_000086572043/?bc=100354464829,0,5,5,5
東急田園都市線 池尻大橋駅 12階建 築41年,東京都目黒区大橋１,東急田園都市線/池尻大橋駅 歩5分,東急東横線/中目黒駅 歩15分,ＪＲ山手線/渋谷駅 歩20分,41,12階建,9階,125000,0,125000,125000,2DK,36.4,https://suumo.jp/chintai/jnc_000016777962/?bc=100357468893,0,12,9,9
東急東横線 都立大学駅 地下1地上3階建 築4年,東京都目黒区八雲２,東急東横線/都立大学駅 歩11分,東急東横線/自由が丘駅 歩19分,東急田園都市線/駒沢大学駅 歩23分,4,地下1地上3階建,B1階,233000,15000,233000,233000,2LDK,51.06,https://suumo.jp/chintai/jnc_000086839922/?bc=100356778582,-1,3,-1,-1
東急東横線 都立大学駅 地下1地上3階建 築4年,東京都目黒区八雲２,東急東横線/都立大学駅 歩11分,東急東横線/自由が丘駅 歩19分,東急田園都市線/駒沢大学駅 歩23分,4,地下1地上3階建,1階,243000,15000,243000,243000,2LDK,51.06,https://suumo.jp/chintai/jnc_000086839923/?bc=100356485985,-1,3,1,1
東急田園都市線 駒沢大学駅 2階建 新築,東京都目黒区東が丘１,東急田園都市線/駒沢大学駅 歩16分,東急東横線/都立大学駅 歩17分,東急田園都市線/三軒茶屋駅 歩28分,0,2階建,1階,209000,6000,209000,209000,2LDK,56.1,https://suumo.jp/chintai/jnc_000086975907/?bc=100357660153,0,2,1,1
東急田園都市線 駒沢大学駅 2階建 新築,東京都目黒区東が丘１,東急田園都市線/駒沢大学駅 歩16分,東急東横線/都立大学駅 歩17分,東急田園都市線/三軒茶屋駅 歩28分,0,2階建,2階,219000,6000,219000,219000,2LDK,56.1,https://suumo.jp/chintai/jnc_000086975909/?bc=100357091636,0,2,2,2
東急田園都市線 駒沢大学駅 2階建 新築,東京都目黒区東が丘１,東急田園都市線/駒沢大学駅 歩16分,東急東横線/都立大学駅 歩17分,東急田園都市線/三軒茶屋駅 歩28分,0,2階建,2階,219000,6000,219000,219000,2LDK,55.27,https://suumo.jp/chintai/jnc_000086975908/?bc=100357660138,0,2,2,2
京王井の頭線 神泉駅 11階建 新築,東京都目黒区青葉台３,京王井の頭線/神泉駅 歩6分,ＪＲ山手線/渋谷駅 歩11分,東急田園都市線/池尻大橋駅 歩12分,0,11階建,9階,360000,20000,360000,360000,2LDK,50.07,https://suumo.jp/chintai/jnc_000087097094/?bc=100357695624,0,11,9,9
京王井の頭線 神泉駅 11階建 新築,東京都目黒区青葉台３,京王井の頭線/神泉駅 歩6分,ＪＲ山手線/渋谷駅 歩11分,東急田園都市線/池尻大橋駅 歩12分,0,11階建,10階,396000,20000,396000,396000,2LDK,51.25,https://suumo.jp/chintai/jnc_000084997512/?bc=100343622238,0,11,10,10
京王井の頭線 神泉駅 11階建 新築,東京都目黒区青葉台３,京王井の頭線/神泉駅 歩6分,ＪＲ山手線/渋谷駅 歩11分,東急田園都市線/池尻大橋駅 歩12分,0,11階建,10階,396000,20000,396000,396000,2LDK,50.84,https://suumo.jp/chintai/jnc_000084997513/?bc=100343622236,0,11,10,10
京王井の頭線 神泉駅 11階建 新築,東京都目黒区青葉台３,京王井の頭線/神泉駅 歩6分,ＪＲ山手線/渋谷駅 歩11分,東急田園都市線/池尻大橋駅 歩12分,0,11階建,10階,400000,20000,400000,400000,2LDK,57.24,https://suumo.jp/chintai/jnc_000084997511/?bc=100317489859,0,11,10,10
京王井の頭線 神泉駅 11階建 新築,東京都目黒区青葉台３,京王井の頭線/神泉駅 歩6分,ＪＲ山手線/渋谷駅 歩11分,東急田園都市線/池尻大橋駅 歩12分,0,11階建,11階,430000,20000,430000,430000,2LDK,57.24,https://suumo.jp/chintai/jnc_000084997517/?bc=100323519013,0,11,11,11
京王井の頭線 神泉駅 11階建 新築,東京都目黒区青葉台３,京王井の頭線/神泉駅 歩6分,ＪＲ山手線/渋谷駅 歩11分,東急田園都市線/池尻大橋駅 歩12分,0,11階建,10階,460000,20000,460000,460000,2LDK,61.22,https://suumo.jp/chintai/jnc_000086131471/?bc=100350282499,0,11,10,10
MFPR目黒タワー,東京都目黒区目黒１,ＪＲ山手線/目黒駅 歩7分,ＪＲ山手線/恵比寿駅 歩20分,東京メトロ南北線/白金台駅 歩21分,16,地下2地上25階建,18階,398000,20000,398000,796000,2LDK,64.34,https://suumo.jp/chintai/jnc_000086572052/?bc=100354329463,-2,25,18,18
MFPR目黒タワー,東京都目黒区目黒１,ＪＲ山手線/目黒駅 歩7分,ＪＲ山手線/恵比寿駅 歩20分,東京メトロ南北線/白金台駅 歩21分,16,地下2地上25階建,22階,648000,50000,648000,1296000,2LDK,105.83,https://suumo.jp/chintai/jnc_000086672250/?bc=100355039978,-2,25,22,22
東急東横線 都立大学駅 3階建 築28年,東京都目黒区中根２,東急東横線/都立大学駅 歩9分,東急大井町線/緑が丘駅 歩11分,東急東横線/自由が丘駅 歩14分,28,3階建,2階,169000,5000,169000,169000,2LDK,61.15,https://suumo.jp/chintai/jnc_000086836175/?bc=100357927865,0,3,2,2
東急東横線 中目黒駅 地下1地上5階建 築12年,東京都目黒区上目黒３,東急東横線/中目黒駅 歩3分,東京メトロ日比谷線/中目黒駅 歩3分,東急東横線/代官山駅 歩12分,12,地下1地上5階建,4階,365000,0,365000,365000,2LDK,58.18,https://suumo.jp/chintai/jnc_000086625669/?bc=100357894771,-1,5,4,4
レジディア中目黒III,東京都目黒区中目黒２,東京メトロ日比谷線/中目黒駅 歩13分,ＪＲ山手線/目黒駅 歩15分,ＪＲ山手線/恵比寿駅 歩17分,2,15階建,3階,225000,15000,225000,225000,2DK,40.96,https://suumo.jp/chintai/jnc_000085664372/?bc=100356357737,0,15,3,3
レジディア中目黒III,東京都目黒区中目黒２,東京メトロ日比谷線/中目黒駅 歩13分,ＪＲ山手線/目黒駅 歩15分,ＪＲ山手線/恵比寿駅 歩17分,2,15階建,2階,225000,15000,225000,225000,2LDK,40.17,https://suumo.jp/chintai/jnc_000086083083/?bc=100357745891,0,15,2,2
レジディア中目黒III,東京都目黒区中目黒２,東京メトロ日比谷線/中目黒駅 歩13分,ＪＲ山手線/目黒駅 歩15分,ＪＲ山手線/恵比寿駅 歩17分,2,15階建,13階,235000,15000,235000,235000,2DK,42.29,https://suumo.jp/chintai/jnc_000074531244/?bc=100345030898,0,15,13,13
レジディア中目黒III,東京都目黒区中目黒２,東京メトロ日比谷線/中目黒駅 歩13分,ＪＲ山手線/目黒駅 歩15分,ＪＲ山手線/恵比寿駅 歩17分,2,15階建,8階,295000,15000,295000,295000,2LDK,53.39,https://suumo.jp/chintai/jnc_000085791775/?bc=100355772196,0,15,8,8
レジディア中目黒III,東京都目黒区中目黒２,東京メトロ日比谷線/中目黒駅 歩13分,ＪＲ山手線/目黒駅 歩15分,ＪＲ山手線/恵比寿駅 歩17分,2,15階建,15階,315000,15000,315000,315000,2LDK,53.39,https://suumo.jp/chintai/jnc_000077121443/?bc=100354508428,0,15,15,15
レジディア中目黒III,東京都目黒区中目黒２,東京メトロ日比谷線/中目黒駅 歩13分,ＪＲ山手線/目黒駅 歩15分,ＪＲ山手線/恵比寿駅 歩17分,2,15階建,10階,375000,15000,375000,375000,2LDK,63.57,https://suumo.jp/chintai/jnc_000085934939/?bc=100350061992,0,15,10,10
東急東横線 祐天寺駅 7階建 築18年,東京都目黒区中目黒５,東急東横線/祐天寺駅 歩4分,東京メトロ日比谷線/中目黒駅 歩13分,東急東横線/学芸大学駅 歩14分,18,7階建,4階,295000,15000,295000,295000,2LDK,60.74,https://suumo.jp/chintai/jnc_000087077387/?bc=100357509087,0,7,4,4
東急東横線 祐天寺駅 7階建 築18年,東京都目黒区中目黒５,東急東横線/祐天寺駅 歩4分,東京メトロ日比谷線/中目黒駅 歩13分,東急東横線/学芸大学駅 歩14分,18,7階建,7階,315000,15000,315000,315000,2LDK,60.57,https://suumo.jp/chintai/jnc_000085963164/?bc=100355030940,0,7,7,7
東急東横線 中目黒駅 19階建 築17年,東京都目黒区上目黒２,東急東横線/中目黒駅 歩3分,東急東横線/代官山駅 歩9分,東急東横線/祐天寺駅 歩10分,17,19階建,3階,395000,15000,395000,790000,2LDK,70.34,https://suumo.jp/chintai/jnc_000086561579/?bc=100346344618,0,19,3,3
東急東横線 中目黒駅 19階建 築17年,東京都目黒区上目黒２,東急東横線/中目黒駅 歩3分,東急東横線/代官山駅 歩9分,東急東横線/祐天寺駅 歩10分,17,19階建,12階,395000,15000,395000,395000,2LDK,70.34,https://suumo.jp/chintai/jnc_000087044661/?bc=100357649789,0,19,12,12
東急東横線 都立大学駅 3階建 築56年,東京都目黒区柿の木坂２,東急東横線/都立大学駅 歩10分,東急東横線/学芸大学駅 歩13分,東急田園都市線/駒沢大学駅 歩20分,56,3階建,2階,105000,0,105000,105000,2DK,35.0,https://suumo.jp/chintai/jnc_000087103527/?bc=100357891863,0,3,2,2
東急東横線 祐天寺駅 4階建 築28年,東京都目黒区祐天寺１,東急東横線/祐天寺駅 歩5分,東急東横線/中目黒駅 歩11分,東急東横線/学芸大学駅 歩19分,28,4階建,3階,200000,5000,200000,200000,2LDK,47.94,https://suumo.jp/chintai/jnc_000086655202/?bc=100355031884,0,4,3,3
東急東横線 祐天寺駅 4階建 築28年,東京都目黒区祐天寺１,東急東横線/祐天寺駅 歩5分,東急東横線/中目黒駅 歩11分,東急東横線/学芸大学駅 歩19分,28,4階建,1階,220000,5000,220000,220000,2LDK,56.79,https://suumo.jp/chintai/jnc_000084718288/?bc=100357826806,0,4,1,1
クリオレミントンハウス恵比寿,東京都目黒区三田１,ＪＲ山手線/目黒駅 歩9分,ＪＲ山手線/恵比寿駅 歩10分,東京メトロ南北線/白金台駅 歩24分,25,10階建,3階,345500,0,345500,345500,2LDK,81.58,https://suumo.jp/chintai/jnc_000086230732/?bc=100351975963,0,10,3,3
ＪＲ山手線 目黒駅 10階建 築25年,東京都目黒区三田１,ＪＲ山手線/目黒駅 歩10分,ＪＲ埼京線/恵比寿駅 歩14分,都営三田線/白金台駅 歩18分,25,10階建,3階,345000,0,345000,345000,2LDK,81.58,https://suumo.jp/chintai/jnc_000086332579/?bc=100358038463,0,10,3,3
ＪＲ山手線 目黒駅 10階建 築25年,東京都目黒区三田１,ＪＲ山手線/目黒駅 歩10分,ＪＲ埼京線/恵比寿駅 歩14分,都営三田線/白金台駅 歩18分,25,10階建,3階,345500,0,345500,345500,2LDK,81.58,https://suumo.jp/chintai/jnc_000086230734/?bc=100357429646,0,10,3,3
ＪＲ山手線 目黒駅 10階建 築25年,東京都目黒区三田１,ＪＲ山手線/目黒駅 歩10分,ＪＲ埼京線/恵比寿駅 歩14分,都営三田線/白金台駅 歩18分,25,10階建,3階,345500,0,345500,345500,2LDK,81.58,https://suumo.jp/chintai/jnc_000086708980/?bc=100355279564,0,10,3,3
東急東横線 学芸大学駅 6階建 築21年,東京都目黒区碑文谷２,東急東横線/学芸大学駅 歩13分,東急目黒線/西小山駅 歩20分,東急東横線/都立大学駅 歩19分,21,6階建,3階,250000,12000,250000,0,2LDK,59.21,https://suumo.jp/chintai/jnc_000086610630/?bc=100354724572,0,6,3,3
東急東横線 祐天寺駅 4階建 築29年,東京都目黒区中町２,東急東横線/祐天寺駅 歩10分,東急東横線/学芸大学駅 歩13分,東急東横線/中目黒駅 歩18分,29,4階建,1階,274000,10000,274000,274000,2LDK,74.68,https://suumo.jp/chintai/jnc_000086836173/?bc=100357860433,0,4,1,1
東急東横線 学芸大学駅 5階建 築11年,東京都目黒区下目黒６,東急東横線/学芸大学駅 歩16分,東急目黒線/武蔵小山駅 歩16分,東急東横線/祐天寺駅 歩20分,11,5階建,5階,281000,10000,562000,281000,2LDK,64.02,https://suumo.jp/chintai/jnc_000085940512/?bc=100357991584,0,5,5,5
東急東横線 学芸大学駅 5階建 築11年,東京都目黒区下目黒６,東急東横線/学芸大学駅 歩16分,東急目黒線/武蔵小山駅 歩16分,東急東横線/祐天寺駅 歩20分,11,5階建,5階,291000,10000,582000,291000,2LDK,64.02,https://suumo.jp/chintai/jnc_000085940513/?bc=100350135804,0,5,5,5
菅野ビル,東京都目黒区中根１,東急東横線/都立大学駅 歩3分,東急大井町線/自由が丘駅 歩16分,東急目黒線/奥沢駅 歩22分,34,5階建,4階,195000,5000,195000,0,2LDK,74.77,https://suumo.jp/chintai/jnc_000086700018/?bc=100348508375,0,5,4,4
菅野ビル,東京都目黒区中根１,東急東横線/都立大学駅 歩3分,東急大井町線/自由が丘駅 歩16分,東急目黒線/奥沢駅 歩22分,34,5階建,4階,195000,5000,195000,0,2LDK,74.77,https://suumo.jp/chintai/jnc_000086700019/?bc=100351815246,0,5,4,4
菅野ビル,東京都目黒区中根１,東急東横線/都立大学駅 歩3分,東急大井町線/自由が丘駅 歩16分,東急目黒線/奥沢駅 歩22分,34,5階建,4階,195000,5000,195000,0,2LDK,74.77,https://suumo.jp/chintai/jnc_000086708968/?bc=100350784743,0,5,4,4
東急東横線 学芸大学駅 地下1地上4階建 築37年,東京都目黒区碑文谷１,東急東横線/学芸大学駅 歩13分,東急目黒線/西小山駅 歩14分,東急東横線/都立大学駅 歩18分,37,地下1地上4階建,3階,154000,10000,154000,154000,2LDK,51.86,https://suumo.jp/chintai/jnc_000086975912/?bc=100357325485,-1,4,3,3
東急目黒線 西小山駅 6階建 築2年,東京都目黒区原町２,東急目黒線/西小山駅 歩10分,東急大井町線/大岡山駅 歩18分,東急目黒線/洗足駅 歩11分,2,6階建,6階,113000,10000,0,0,2K,25.57,https://suumo.jp/chintai/jnc_000087007382/?bc=100357274324,0,6,6,6
ラフィネ学芸大学,東京都目黒区中央町１,東急東横線/学芸大学駅 歩10分,東急東横線/祐天寺駅 歩17分,東急目黒線/武蔵小山駅 歩19分,22,3階建,1階,122000,4000,122000,122000,2K,36.31,https://suumo.jp/chintai/jnc_000085708672/?bc=100349907337,0,3,1,1
倉方ハイツ,東京都目黒区中町２,東急東横線/祐天寺駅 歩6分,東急東横線/学芸大学駅 歩14分,東急東横線/中目黒駅 歩17分,44,2階建,1階,124000,3000,124000,0,2K,32.0,https://suumo.jp/chintai/jnc_000077626557/?bc=100283881749,0,2,1,1
エンブレム学芸大学,東京都目黒区五本木３,東急東横線/学芸大学駅 歩7分,東急東横線/祐天寺駅 歩13分,,34,3階建,3階,95000,0,95000,95000,2K,27.9,https://suumo.jp/chintai/jnc_000085133739/?bc=100344760774,0,3,3,3
パレセーヌ平町,東京都目黒区平町１,東急東横線/都立大学駅 歩3分,東急目黒線/大岡山駅 歩19分,東急大井町線/緑が丘駅 歩19分,35,3階建,1階,97000,3000,97000,97000,2K,34.02,https://suumo.jp/chintai/jnc_000085874810/?bc=100349545087,0,3,1,1
パレセーヌ平町,東京都目黒区平町１,東急東横線/都立大学駅 歩3分,東急目黒線/大岡山駅 歩19分,東急大井町線/緑が丘駅 歩19分,35,3階建,3階,102000,3000,102000,0,2K,34.02,https://suumo.jp/chintai/jnc_000086594312/?bc=100341713369,0,3,3,3
ライオンズマンション柿の木坂,東京都目黒区柿の木坂１,東急東横線/学芸大学駅 歩9分,東急東横線/都立大学駅 歩10分,東急東横線/自由が丘駅 バス7分 (バス停)碑文谷警察署 歩6分,43,6階建,2階,95000,5000,95000,95000,2K,41.26,https://suumo.jp/chintai/jnc_000082217020/?bc=100340451958,0,6,2,2
ライオンズマンション柿の木坂,東京都目黒区柿の木坂１,東急東横線/学芸大学駅 歩9分,東急東横線/都立大学駅 歩10分,東急東横線/自由が丘駅 バス7分 (バス停)碑文谷警察署 歩6分,43,6階建,2階,110000,5000,110000,110000,2DK,45.87,https://suumo.jp/chintai/jnc_000082414370/?bc=100316408881,0,6,2,2
メルシー下目黒,東京都目黒区下目黒５,東急目黒線/武蔵小山駅 歩14分,東急東横線/祐天寺駅 歩19分,ＪＲ山手線/目黒駅 歩19分,31,3階建,2階,99000,3500,99000,99000,2K,30.4,https://suumo.jp/chintai/jnc_000084500923/?bc=100354437900,0,3,2,2
メルシー下目黒,東京都目黒区下目黒５,東急目黒線/武蔵小山駅 歩14分,東急東横線/祐天寺駅 歩19分,ＪＲ山手線/目黒駅 歩19分,31,3階建,2階,120000,3500,120000,120000,2K,35.4,https://suumo.jp/chintai/jnc_000066944314/?bc=100350474854,0,3,2,2
東急東横線 中目黒駅 3階建 築14年,東京都目黒区上目黒３,東急東横線/中目黒駅 歩6分,東急東横線/代官山駅 歩16分,東急東横線/祐天寺駅 歩12分,14,3階建,1階,230000,5000,230000,0,2DK,45.43,https://suumo.jp/chintai/jnc_000067943109/?bc=100348540035,0,3,1,1
東急田園都市線 池尻大橋駅 地下1地上4階建 築3年,東京都目黒区東山２,東急田園都市線/池尻大橋駅 歩8分,東急東横線/中目黒駅 歩10分,京王井の頭線/神泉駅 歩17分,3,地下1地上4階建,3-4階,174000,10000,0,0,2DK,41.12,https://suumo.jp/chintai/jnc_000075745920/?bc=100357457084,-1,4,3,4
東急田園都市線 池尻大橋駅 地下1地上4階建 築3年,東京都目黒区東山２,東急田園都市線/池尻大橋駅 歩8分,東京メトロ日比谷線/中目黒駅 歩10分,京王井の頭線/神泉駅 歩15分,3,地下1地上4階建,3-4階,174000,10000,0,0,2DK,41.12,https://suumo.jp/chintai/jnc_000075598732/?bc=100333221460,-1,4,3,4
東急目黒線 西小山駅 3階建 新築,東京都目黒区碑文谷１,東急目黒線/西小山駅 歩12分,東急東横線/学芸大学駅 歩19分,東急目黒線/武蔵小山駅 歩14分,0,3階建,1階,160000,5000,160000,160000,2DK,40.62,https://suumo.jp/chintai/jnc_000086930642/?bc=100356779023,0,3,1,1
東急目黒線 西小山駅 3階建 新築,東京都目黒区碑文谷１,東急目黒線/西小山駅 歩12分,東急東横線/学芸大学駅 歩19分,東急目黒線/武蔵小山駅 歩14分,0,3階建,1階,160000,5100,160000,160000,2DK,40.62,https://suumo.jp/chintai/jnc_000087057740/?bc=100357003313,0,3,1,1
東急目黒線 西小山駅 3階建 新築,東京都目黒区碑文谷１,東急目黒線/西小山駅 歩12分,東急東横線/学芸大学駅 歩19分,東急目黒線/武蔵小山駅 歩14分,0,3階建,2階,165000,5000,165000,165000,2DK,40.62,https://suumo.jp/chintai/jnc_000086925340/?bc=100356934279,0,3,2,2
東急目黒線 西小山駅 3階建 新築,東京都目黒区碑文谷１,東急目黒線/西小山駅 歩12分,東急東横線/学芸大学駅 歩19分,東急目黒線/武蔵小山駅 歩14分,0,3階建,2階,165000,5100,165000,165000,2DK,40.62,https://suumo.jp/chintai/jnc_000087057743/?bc=100357003484,0,3,2,2
東急目黒線 西小山駅 3階建 新築,東京都目黒区碑文谷１,東急目黒線/西小山駅 歩12分,東急東横線/学芸大学駅 歩19分,東急目黒線/武蔵小山駅 歩14分,0,3階建,3階,167000,5000,167000,167000,2DK,40.62,https://suumo.jp/chintai/jnc_000086930643/?bc=100356779229,0,3,3,3
東急目黒線 西小山駅 3階建 新築,東京都目黒区碑文谷１,東急目黒線/西小山駅 歩12分,東急東横線/学芸大学駅 歩19分,東急目黒線/武蔵小山駅 歩14分,0,3階建,3階,167000,5100,167000,167000,2DK,40.62,https://suumo.jp/chintai/jnc_000087057747/?bc=100357003466,0,3,3,3
京王井の頭線 駒場東大前駅 3階建 築3年,東京都目黒区大橋２,京王井の頭線/駒場東大前駅 歩8分,東急田園都市線/池尻大橋駅 歩11分,ＪＲ山手線/渋谷駅 歩21分,3,3階建,3階,198000,4000,198000,297000,2LDK,54.56,https://suumo.jp/chintai/jnc_000071332518/?bc=100357644057,0,3,3,3
東急東横線 自由が丘駅 2階建 築38年,東京都目黒区自由が丘２,東急東横線/自由が丘駅 歩10分,東急東横線/都立大学駅 歩15分,東急大井町線/九品仏駅 歩17分,38,2階建,1階,120000,5000,120000,120000,2DK,36.0,https://suumo.jp/chintai/jnc_000085174377/?bc=100355470954,0,2,1,1
プライムアーバン目黒東山,東京都目黒区東山３,東急田園都市線/池尻大橋駅 歩5分,京王井の頭線/神泉駅 歩22分,京王井の頭線/駒場東大前駅 歩24分,0,4階建,2階,254000,15000,254000,0,2DK,53.0,https://suumo.jp/chintai/jnc_000086292841/?bc=100356214570,0,4,2,2
プライムアーバン目黒東山,東京都目黒区東山３,東急田園都市線/池尻大橋駅 歩5分,京王井の頭線/神泉駅 歩22分,京王井の頭線/駒場東大前駅 歩24分,0,4階建,1階,284000,20000,284000,0,2LDK,72.03,https://suumo.jp/chintai/jnc_000086292831/?bc=100352550899,0,4,1,1
プライムアーバン目黒東山,東京都目黒区東山３,東急田園都市線/池尻大橋駅 歩5分,京王井の頭線/神泉駅 歩22分,京王井の頭線/駒場東大前駅 歩24分,0,4階建,1階,300000,20000,300000,0,2LDK,68.39,https://suumo.jp/chintai/jnc_000086292835/?bc=100352550696,0,4,1,1
NTPRレジデンス鷹番,東京都目黒区鷹番１,東急東横線/学芸大学駅 歩9分,東急東横線/都立大学駅 歩18分,東急東横線/祐天寺駅 歩21分,15,4階建,3階,265000,0,265000,265000,2SLDK,82.47,https://suumo.jp/chintai/jnc_000084395306/?bc=100353030484,0,4,3,3
東急東横線 学芸大学駅 4階建 築15年,東京都目黒区鷹番１,東急東横線/学芸大学駅 歩9分,東急東横線/祐天寺駅 歩19分,東急目黒線/西小山駅 歩20分,15,4階建,3階,260000,0,260000,260000,2LDK,77.01,https://suumo.jp/chintai/jnc_000086659455/?bc=100355248359,0,4,3,3
東急目黒線 武蔵小山駅 3階建 築35年,東京都目黒区目黒本町５,東急目黒線/武蔵小山駅 歩9分,東急目黒線/西小山駅 歩9分,東急目黒線/洗足駅 歩20分,35,3階建,1階,136000,0,136000,136000,2DK,43.2,https://suumo.jp/chintai/jnc_000087077399/?bc=100357828632,0,3,1,1
パルクメゾン,東京都目黒区碑文谷５,東急東横線/学芸大学駅 歩9分,東急東横線/都立大学駅 歩16分,,34,2階建,1階,123000,5000,123000,123000,2DK,45.83,https://suumo.jp/chintai/jnc_000085004522/?bc=100348555296,0,2,1,1
COTE21,東京都目黒区下目黒２,ＪＲ山手線/目黒駅 歩9分,東急目黒線/不動前駅 歩9分,ＪＲ山手線/五反田駅 歩19分,12,5階建,4階,170000,5000,170000,170000,2LDK,54.4,https://suumo.jp/chintai/jnc_000020073730/?bc=100352796842,0,5,4,4
海野ハイツ,東京都目黒区中町１,東急東横線/祐天寺駅 歩13分,東急目黒線/武蔵小山駅 歩24分,東京メトロ日比谷線/中目黒駅 歩23分,37,2階建,1階,130000,0,130000,130000,2DK,50.0,https://suumo.jp/chintai/jnc_000086813456/?bc=100353905502,0,2,1,1
東急東横線 学芸大学駅 10階建 築5年,東京都目黒区碑文谷２,東急東横線/学芸大学駅 歩10分,東急東横線/都立大学駅 歩17分,東急目黒線/西小山駅 歩21分,5,10階建,4階,265000,15000,265000,265000,2LDK,54.56,https://suumo.jp/chintai/jnc_000087001779/?bc=100357276263,0,10,4,4
東急東横線 学芸大学駅 10階建 築5年,東京都目黒区碑文谷２,東急東横線/学芸大学駅 歩10分,東急東横線/都立大学駅 歩17分,東急目黒線/西小山駅 歩21分,5,10階建,5階,265000,15000,265000,0,2LDK,54.56,https://suumo.jp/chintai/jnc_000086832574/?bc=100342520432,0,10,5,5
東急東横線 学芸大学駅 10階建 築5年,東京都目黒区碑文谷２,東急東横線/学芸大学駅 歩10分,東急東横線/都立大学駅 歩17分,東急目黒線/西小山駅 歩21分,5,10階建,5階,275000,15000,275000,0,2LDK,54.56,https://suumo.jp/chintai/jnc_000086234995/?bc=100349941731,0,10,5,5
東急東横線 学芸大学駅 3階建 築22年,東京都目黒区鷹番１,東急東横線/学芸大学駅 歩8分,東急東横線/都立大学駅 歩19分,東急東横線/祐天寺駅 歩20分,22,3階建,2階,200000,5000,200000,200000,2LDK,55.2,https://suumo.jp/chintai/jnc_000086205050/?bc=100352008445,0,3,2,2
東急東横線 学芸大学駅 3階建 築22年,東京都目黒区鷹番１,東急東横線/学芸大学駅 歩8分,東急東横線/都立大学駅 歩19分,東急東横線/祐天寺駅 歩20分,22,3階建,2階,200000,5000,200000,200000,2LDK,55.2,https://suumo.jp/chintai/jnc_000086199189/?bc=100351883474,0,3,2,2
東急東横線 都立大学駅 7階建 新築,東京都目黒区柿の木坂１,東急東横線/都立大学駅 歩9分,東急東横線/学芸大学駅 歩14分,,0,7階建,2階,273000,15000,273000,273000,2LDK,61.59,https://suumo.jp/chintai/jnc_000085504544/?bc=100348947087,0,7,2,2
東急東横線 都立大学駅 7階建 新築,東京都目黒区柿の木坂１,東急東横線/都立大学駅 歩9分,東急東横線/学芸大学駅 歩14分,,0,7階建,5階,273000,15000,273000,273000,2LDK,58.1,https://suumo.jp/chintai/jnc_000085504554/?bc=100351661338,0,7,5,5
京王井の頭線 駒場東大前駅 3階建 築42年,東京都目黒区駒場１,京王井の頭線/駒場東大前駅 歩7分,京王井の頭線/神泉駅 歩10分,東急田園都市線/池尻大橋駅 歩15分,42,3階建,3階,125000,5000,125000,125000,2DK,39.0,https://suumo.jp/chintai/jnc_000087092584/?bc=100357809864,0,3,3,3
MAC駒場コート,東京都目黒区駒場１,京王井の頭線/駒場東大前駅 歩7分,京王井の頭線/神泉駅 歩10分,東急田園都市線/池尻大橋駅 歩15分,42,3階建,3階,125000,5000,125000,125000,2DK,39.0,https://suumo.jp/chintai/jnc_000087092583/?bc=100357809806,0,3,3,3
京王井の頭線 神泉駅 地下1地上7階建 築3年,東京都目黒区駒場１,京王井の頭線/神泉駅 歩7分,ＪＲ山手線/渋谷駅 歩13分,東急田園都市線/池尻大橋駅 歩11分,3,地下1地上7階建,3階,300000,20000,300000,0,2LDK,54.95,https://suumo.jp/chintai/jnc_000086724094/?bc=100355518917,-1,7,3,3
京王井の頭線 神泉駅 地下1地上7階建 築3年,東京都目黒区駒場１,京王井の頭線/神泉駅 歩7分,ＪＲ山手線/渋谷駅 歩13分,東急田園都市線/池尻大橋駅 歩11分,3,地下1地上7階建,7階,320000,20000,320000,0,2LDK,54.95,https://suumo.jp/chintai/jnc_000084602421/?bc=100354534541,-1,7,7,7
エスティメゾン都立大学,東京都目黒区平町２,東急東横線/都立大学駅 歩9分,東急目黒線/大岡山駅 歩13分,東急大井町線/緑が丘駅 歩16分,15,3階建,2階,269000,15000,269000,269000,2LDK,66.91,https://suumo.jp/chintai/jnc_000084777830/?bc=100348195689,0,3,2,2
東急大井町線 大岡山駅 3階建 新築,東京都目黒区大岡山１,東急大井町線/大岡山駅 歩5分,東急目黒線/大岡山駅 歩5分,東急大井町線/緑が丘駅 歩15分,0,3階建,3階,275000,5000,275000,275000,2LDK,67.66,https://suumo.jp/chintai/jnc_000086968341/?bc=100357009609,0,3,3,3
東急大井町線 大岡山駅 3階建 新築,東京都目黒区大岡山１,東急大井町線/大岡山駅 歩5分,東急目黒線/大岡山駅 歩5分,東急大井町線/緑が丘駅 歩15分,0,3階建,3階,285000,5000,285000,285000,2LDK,67.66,https://suumo.jp/chintai/jnc_000086347896/?bc=100352364779,0,3,3,3
東急東横線 学芸大学駅 4階建 築38年,東京都目黒区中央町２,東急東横線/学芸大学駅 歩3分,東急東横線/祐天寺駅 歩12分,東急東横線/都立大学駅 歩24分,38,4階建,3階,107000,3000,0,0,2DK,33.0,https://suumo.jp/chintai/jnc_000086476361/?bc=100353878624,0,4,3,3
エルファーロ都立大学,東京都目黒区中根１,東急東横線/都立大学駅 歩4分,東急東横線/自由が丘駅 歩18分,東急目黒線/奥沢駅 歩22分,1,4階建,1階,228000,15000,0,0,2LDK,45.61,https://suumo.jp/chintai/jnc_000086634621/?bc=100355082160,0,4,1,1
エルファーロ都立大学,東京都目黒区中根１,東急東横線/都立大学駅 歩4分,東急東横線/自由が丘駅 歩18分,東急目黒線/奥沢駅 歩22分,1,4階建,2階,233000,10000,0,0,2LDK,45.61,https://suumo.jp/chintai/jnc_000086640402/?bc=100355139650,0,4,2,2
エルファーロ都立大学,東京都目黒区中根１,東急東横線/都立大学駅 歩4分,東急東横線/自由が丘駅 歩18分,東急目黒線/奥沢駅 歩22分,1,4階建,3階,233000,15000,0,0,2LDK,45.61,https://suumo.jp/chintai/jnc_000086634627/?bc=100355117984,0,4,3,3
エルファーロ都立大学,東京都目黒区中根１,東急東横線/都立大学駅 歩4分,東急東横線/自由が丘駅 歩18分,東急目黒線/奥沢駅 歩22分,1,4階建,2階,233000,15000,0,0,2LDK,45.61,https://suumo.jp/chintai/jnc_000086634624/?bc=100355096802,0,4,2,2
セレニティコート渋谷神泉,東京都目黒区青葉台４,京王井の頭線/神泉駅 歩7分,東急田園都市線/池尻大橋駅 歩9分,京王井の頭線/駒場東大前駅 歩15分,8,17階建,16階,349000,20000,349000,0,2LDK,64.5,https://suumo.jp/chintai/jnc_000060216345/?bc=100341111526,0,17,16,16
セレニティコート渋谷神泉,東京都目黒区青葉台４,京王井の頭線/神泉駅 歩7分,東急田園都市線/池尻大橋駅 歩9分,京王井の頭線/駒場東大前駅 歩15分,8,17階建,16階,351000,20000,351000,0,2LDK,64.5,https://suumo.jp/chintai/jnc_000086944285/?bc=100342550466,0,17,16,16
セレニティコート渋谷神泉,東京都目黒区青葉台４,京王井の頭線/神泉駅 歩7分,東急田園都市線/池尻大橋駅 歩9分,京王井の頭線/駒場東大前駅 歩15分,8,17階建,16階,358000,20000,358000,0,2LDK,64.5,https://suumo.jp/chintai/jnc_000085681424/?bc=100357072191,0,17,16,16
セレニティコート渋谷神泉,東京都目黒区青葉台４,京王井の頭線/神泉駅 歩7分,東急田園都市線/池尻大橋駅 歩9分,京王井の頭線/駒場東大前駅 歩15分,8,17階建,17階,358000,20000,358000,0,2LDK,64.5,https://suumo.jp/chintai/jnc_000045729223/?bc=100341110883,0,17,17,17
セレニティコート渋谷神泉,東京都目黒区青葉台４,京王井の頭線/神泉駅 歩7分,東急田園都市線/池尻大橋駅 歩9分,京王井の頭線/駒場東大前駅 歩15分,8,17階建,17階,360000,20000,360000,0,2LDK,64.5,https://suumo.jp/chintai/jnc_000085681425/?bc=100357072875,0,17,17,17
東急東横線 祐天寺駅 3階建 築4年,東京都目黒区上目黒５,東急東横線/祐天寺駅 歩11分,東京メトロ日比谷線/中目黒駅 歩15分,東急田園都市線/池尻大橋駅 歩16分,4,3階建,2階,230000,9000,230000,230000,2LDK,51.47,https://suumo.jp/chintai/jnc_000086594310/?bc=100354580785,0,3,2,2
オークプレイス目黒行人坂,東京都目黒区下目黒１,ＪＲ山手線/目黒駅 歩5分,東急目黒線/目黒駅 歩5分,東京メトロ南北線/目黒駅 歩5分,12,7階建,2階,270000,0,540000,270000,2LDK,55.89,https://suumo.jp/chintai/jnc_000087051848/?bc=100357498530,0,7,2,2
東急東横線 祐天寺駅 3階建 築4年,東京都目黒区上目黒５,東急東横線/祐天寺駅 歩11分,東京メトロ日比谷線/中目黒駅 歩15分,東急田園都市線/池尻大橋駅 歩16分,4,3階建,2階,230000,9000,230000,230000,2LDK,51.47,https://suumo.jp/chintai/jnc_000086594310/?bc=100354580785,0,3,2,2
レジディア目黒ＩＶ,東京都目黒区目黒２,ＪＲ山手線/目黒駅 歩10分,東急目黒線/不動前駅 歩14分,東京メトロ日比谷線/中目黒駅 歩20分,8,10階建,4階,265000,15000,265000,265000,2LDK,55.76,https://suumo.jp/chintai/jnc_000085735764/?bc=100348524123,0,10,4,4
フェリーチェ目黒,東京都目黒区目黒４,東急東横線/祐天寺駅 歩15分,ＪＲ山手線/目黒駅 歩19分,東京メトロ日比谷線/中目黒駅 歩20分,26,4階建,1階,135000,5000,270000,135000,2DK,45.0,https://suumo.jp/chintai/jnc_000085896606/?bc=100350048794,0,4,1,1
アーバンフラッツ,東京都目黒区五本木１,東急東横線/祐天寺駅 歩4分,東急東横線/学芸大学駅 歩16分,東急東横線/中目黒駅 歩17分,58,2階建,1階,147000,3000,147000,147000,2DK,44.19,https://suumo.jp/chintai/jnc_000087019808/?bc=100357333212,0,2,1,1
東急東横線 都立大学駅 4階建 築27年,東京都目黒区八雲５,東急東横線/都立大学駅 歩10分,東急東横線/自由が丘駅 歩20分,東急東横線/学芸大学駅 歩22分,27,4階建,2階,155000,7000,310000,155000,2LDK,47.23,https://suumo.jp/chintai/jnc_000086975934/?bc=100357567053,0,4,2,2
京王井の頭線 神泉駅 7階建 築47年,東京都目黒区青葉台４,京王井の頭線/神泉駅 歩5分,ＪＲ山手線/渋谷駅 歩14分,東急田園都市線/池尻大橋駅 歩10分,47,7階建,7階,119000,5000,119000,119000,2DK,35.88,https://suumo.jp/chintai/jnc_000069387808/?bc=100357298425,0,7,7,7
東急東横線 都立大学駅 地下1地上6階建 築24年,東京都目黒区柿の木坂１,東急東横線/都立大学駅 歩3分,東急大井町線/自由が丘駅 歩20分,東急目黒線/奥沢駅 歩26分,24,地下1地上6階建,4階,226000,15000,226000,226000,2LDK,57.67,https://suumo.jp/chintai/jnc_000045000077/?bc=100355783853,-1,6,4,4
ＪＲ山手線 目黒駅 2階建 築50年,東京都目黒区三田１,ＪＲ山手線/目黒駅 歩7分,東京メトロ南北線/白金台駅 歩21分,ＪＲ山手線/恵比寿駅 歩8分,50,2階建,2階,268000,0,536000,268000,2LDK,65.82,https://suumo.jp/chintai/jnc_000085951030/?bc=100338044944,0,2,2,2
ＪＲ山手線 目黒駅 2階建 築50年,東京都目黒区三田１,ＪＲ山手線/目黒駅 歩7分,東京メトロ南北線/白金台駅 歩21分,ＪＲ山手線/恵比寿駅 歩8分,50,2階建,2階,290000,0,580000,290000,2SLDK,65.82,https://suumo.jp/chintai/jnc_000085809821/?bc=100357203673,0,2,2,2
メゾンクボタ,東京都目黒区中町１,東急東横線/祐天寺駅 歩15分,東急目黒線/武蔵小山駅 歩23分,東急東横線/中目黒駅 歩23分,38,4階建,3階,128000,0,128000,128000,2DK,39.6,https://suumo.jp/chintai/jnc_000084679861/?bc=100357774222,0,4,3,3
メゾンクボタ,東京都目黒区中町１,東急東横線/祐天寺駅 歩15分,東急目黒線/武蔵小山駅 歩23分,東急東横線/中目黒駅 歩23分,38,4階建,3階,130000,0,130000,130000,2DK,39.6,https://suumo.jp/chintai/jnc_000013399467/?bc=100328400936,0,4,3,3
東急東横線 学芸大学駅 5階建 新築,東京都目黒区目黒本町２,東急東横線/学芸大学駅 歩12分,東急目黒線/武蔵小山駅 歩20分,東急東横線/祐天寺駅 歩20分,0,5階建,5階,305000,15000,0,305000,2LDK,56.03,https://suumo.jp/chintai/jnc_000086672253/?bc=100355275447,0,5,5,5
東急東横線 学芸大学駅 5階建 新築,東京都目黒区目黒本町２,東急東横線/学芸大学駅 歩12分,東急目黒線/武蔵小山駅 歩20分,東急東横線/祐天寺駅 歩20分,0,5階建,5階,385000,15000,0,385000,2LDK,56.03,https://suumo.jp/chintai/jnc_000086846099/?bc=100356936555,0,5,5,5
ＪＲ山手線 恵比寿駅 地下1地上5階建 築17年,東京都目黒区三田２,ＪＲ山手線/恵比寿駅 歩12分,ＪＲ山手線/目黒駅 歩13分,東京メトロ日比谷線/中目黒駅 歩19分,17,地下1地上5階建,4階,298000,15000,298000,298000,2LDK,58.89,https://suumo.jp/chintai/jnc_000086499841/?bc=100353945944,-1,5,4,4
目黒本町マンション,東京都目黒区目黒本町４,東急東横線/学芸大学駅 歩15分,東急目黒線/武蔵小山駅 歩15分,東急目黒線/西小山駅 歩15分,23,7階建,4階,252000,12000,252000,0,2SLDK,69.16,https://suumo.jp/chintai/jnc_000084447609/?bc=100357591761,0,7,4,4
パインツリー,東京都目黒区中根２,東急東横線/都立大学駅 歩8分,東急東横線/自由が丘駅 歩16分,東急大井町線/緑が丘駅 歩15分,2,2階建,2階,134000,5000,134000,134000,2K,31.71,https://suumo.jp/chintai/jnc_000086072853/?bc=100347796602,0,2,2,2
中目黒ガーデン,東京都目黒区中目黒４,東京メトロ日比谷線/中目黒駅 歩12分,ＪＲ山手線/目黒駅 歩14分,ＪＲ山手線/恵比寿駅 歩18分,43,11階建,3階,155000,0,155000,155000,2DK,42.36,https://suumo.jp/chintai/jnc_000065060801/?bc=100348099522,0,11,3,3
東急東横線 代官山駅 12階建 築25年,東京都目黒区中目黒１,東急東横線/代官山駅 歩4分,東京メトロ日比谷線/中目黒駅 歩7分,東急東横線/中目黒駅 歩7分,25,12階建,5階,270000,0,270000,270000,2LDK,52.04,https://suumo.jp/chintai/jnc_000087001777/?bc=100357051200,0,12,5,5
東急東横線 祐天寺駅 2階建 築34年,東京都目黒区目黒４,東急東横線/祐天寺駅 歩17分,ＪＲ山手線/目黒駅 バス8分 (バス停)大塚山 歩1分,東急東横線/中目黒駅 歩19分,34,2階建,1階,113000,2000,113000,113000,2DK,38.36,https://suumo.jp/chintai/jnc_000083006964/?bc=100357203674,0,2,1,1
東急田園都市線 池尻大橋駅 13階建 築11年,東京都目黒区東山３,東急田園都市線/池尻大橋駅 歩1分,東急東横線/中目黒駅 歩19分,京王井の頭線/神泉駅 歩17分,11,13階建,4階,350000,0,350000,350000,2LDK,70.65,https://suumo.jp/chintai/jnc_000071169215/?bc=100357746533,0,13,4,4
東急東横線 学芸大学駅 3階建 築32年,東京都目黒区中町１,東急東横線/学芸大学駅 歩12分,東急東横線/祐天寺駅 歩13分,東急目黒線/武蔵小山駅 歩20分,32,3階建,2階,159000,3000,159000,159000,2LDK,59.62,https://suumo.jp/chintai/jnc_000086241137/?bc=100357823650,0,3,2,2
マイキャッスル都立大,東京都目黒区南３,東急大井町線/大岡山駅 歩12分,東急目黒線/洗足駅 歩13分,東急東横線/都立大学駅 歩15分,30,7階建,3階,215000,0,215000,0,2LDK,53.41,https://suumo.jp/chintai/jnc_000086131523/?bc=100357686124,0,7,3,3
京王井の頭線 神泉駅 地下1地上6階建 築42年,東京都目黒区駒場１,京王井の頭線/神泉駅 歩6分,東急田園都市線/池尻大橋駅 歩9分,京王井の頭線/駒場東大前駅 歩10分,42,地下1地上6階建,6階,145000,0,145000,0,2LDK,47.22,https://suumo.jp/chintai/jnc_000077318390/?bc=100356463774,-1,6,6,6
東急東横線 学芸大学駅 地下1地上8階建 築26年,東京都目黒区碑文谷１,東急東横線/学芸大学駅 歩16分,東急目黒線/西小山駅 歩16分,東急東横線/都立大学駅 歩18分,26,地下1地上8階建,3階,218000,0,218000,218000,2LDK,66.54,https://suumo.jp/chintai/jnc_000086968364/?bc=100357075329,-1,8,3,3
東急東横線 学芸大学駅 7階建 築17年,東京都目黒区目黒本町２,東急東横線/学芸大学駅 歩15分,東急目黒線/西小山駅 歩15分,東急目黒線/武蔵小山駅 歩17分,17,7階建,2階,281000,12000,281000,0,2LDK,75.58,https://suumo.jp/chintai/jnc_000086836194/?bc=100352462394,0,7,2,2
東急東横線 学芸大学駅 7階建 築17年,東京都目黒区目黒本町２,東急東横線/学芸大学駅 歩15分,東急目黒線/西小山駅 歩15分,東急目黒線/武蔵小山駅 歩17分,17,7階建,2階,283000,12000,283000,0,2LDK,75.58,https://suumo.jp/chintai/jnc_000083805503/?bc=100351937025,0,7,2,2
ＪＲ山手線 目黒駅 地下1地上2階建 築35年,東京都目黒区下目黒５,ＪＲ山手線/目黒駅 歩19分,東急目黒線/不動前駅 歩16分,東急目黒線/武蔵小山駅 歩15分,35,地下1地上2階建,2階,122000,4000,122000,0,2DK,37.8,https://suumo.jp/chintai/jnc_000081957790/?bc=100343945351,-1,2,2,2
アイビーハイツ,東京都目黒区目黒４,東急東横線/祐天寺駅 歩12分,東京メトロ日比谷線/中目黒駅 歩17分,東急東横線/学芸大学駅 歩18分,36,3階建,2階,175000,0,175000,175000,2LDK,54.0,https://suumo.jp/chintai/jnc_000087044702/?bc=100357508350,0,3,2,2
東急目黒線 西小山駅 6階建 築1年,東京都目黒区目黒本町６,東急目黒線/西小山駅 歩8分,東急目黒線/武蔵小山駅 歩11分,東急目黒線/洗足駅 歩17分,1,6階建,5階,107500,15000,107500,107500,2K,25.58,https://suumo.jp/chintai/jnc_000087044705/?bc=100353796982,0,6,5,5
東急東横線 祐天寺駅 10階建 築54年,東京都目黒区上目黒５,東急東横線/祐天寺駅 歩8分,東急田園都市線/池尻大橋駅 歩16分,東急東横線/中目黒駅 歩17分,54,10階建,8階,150000,5000,150000,150000,2LDK,47.94,https://suumo.jp/chintai/jnc_000086646021/?bc=100354861159,0,10,8,8
東急東横線 都立大学駅 8階建 築53年,東京都目黒区中根２,東急東横線/都立大学駅 歩6分,東急大井町線/自由が丘駅 歩17分,東急目黒線/大岡山駅 歩17分,53,8階建,6階,133000,0,133000,133000,2LDK,48.5,https://suumo.jp/chintai/jnc_000085086979/?bc=100353108153,0,8,6,6
ロイヤルパレス上目黒,東京都目黒区上目黒５,東急東横線/祐天寺駅 歩11分,東急東横線/中目黒駅 歩13分,東急田園都市線/池尻大橋駅 歩15分,33,地下3地上5階建,4階,500000,0,500000,500000,2LDK,118.76,https://suumo.jp/chintai/jnc_000084278343/?bc=100354567349,-3,5,4,4
コスモリード学芸大学,東京都目黒区中町１,東急東横線/学芸大学駅 歩14分,東急東横線/祐天寺駅 歩17分,東急目黒線/武蔵小山駅 歩18分,28,6階建,5階,265000,15000,265000,0,2LDK,65.8,https://suumo.jp/chintai/jnc_000086104021/?bc=100351386431,0,6,5,5
目黒ハイツ,東京都目黒区青葉台３,東急東横線/中目黒駅 歩10分,東急田園都市線/池尻大橋駅 歩7分,京王井の頭線/神泉駅 歩14分,57,10階建,5階,160000,9000,320000,80000,2LDK,51.97,https://suumo.jp/chintai/jnc_000086526578/?bc=100357492029,0,10,5,5
プレース柿の木坂,東京都目黒区柿の木坂３,東急東横線/学芸大学駅 歩15分,東急田園都市線/駒沢大学駅 歩19分,東急東横線/都立大学駅 歩21分,33,4階建,1階,230000,0,230000,0,2LDK,60.7,https://suumo.jp/chintai/jnc_000086357351/?bc=100357424470,0,4,1,1
東急東横線 都立大学駅 5階建 築46年,東京都目黒区平町１,東急東横線/都立大学駅 歩2分,東急大井町線/緑が丘駅 歩18分,東急東横線/自由が丘駅 歩20分,46,5階建,3階,230000,10000,230000,230000,2LDK,70.2,https://suumo.jp/chintai/jnc_000086873534/?bc=100356655359,0,5,3,3
東急東横線 都立大学駅 5階建 築46年,東京都目黒区平町１,東急東横線/都立大学駅 歩2分,東急大井町線/緑が丘駅 歩18分,東急東横線/自由が丘駅 歩20分,46,5階建,3階,230000,10000,230000,230000,2LDK,70.2,https://suumo.jp/chintai/jnc_000087007376/?bc=100357232341,0,5,3,3
東急目黒線 西小山駅 3階建 築24年,東京都目黒区原町１,東急目黒線/西小山駅 歩3分,東急目黒線/武蔵小山駅 歩12分,東急目黒線/洗足駅 歩12分,24,3階建,2階,137000,2000,137000,0,2K,40.57,https://suumo.jp/chintai/jnc_000086083085/?bc=100353656054,0,3,2,2
東急東横線 学芸大学駅 4階建 築33年,東京都目黒区目黒本町２,東急東横線/学芸大学駅 歩10分,東急目黒線/西小山駅 歩19分,東急目黒線/武蔵小山駅 歩18分,33,4階建,4階,113000,3000,113000,113000,2DK,36.73,https://suumo.jp/chintai/jnc_000080222531/?bc=100353976439,0,4,4,4
東急東横線 学芸大学駅 4階建 築33年,東京都目黒区目黒本町２,東急東横線/学芸大学駅 歩10分,東急目黒線/西小山駅 歩19分,東急目黒線/武蔵小山駅 歩18分,33,4階建,4階,113000,3000,113000,113000,2K,36.73,https://suumo.jp/chintai/jnc_000084537264/?bc=100356908392,0,4,4,4
東急大井町線 緑が丘駅 3階建 築35年,東京都目黒区緑が丘３,東急大井町線/緑が丘駅 歩5分,東急大井町線/大岡山駅 歩10分,東急目黒線/奥沢駅 歩10分,35,3階建,3階,85000,0,85000,85000,2K,30.0,https://suumo.jp/chintai/jnc_000082664993/?bc=100325058247,0,3,3,3
東急東横線 都立大学駅 6階建 築42年,東京都目黒区中根２,東急東横線/都立大学駅 歩7分,東急大井町線/緑が丘駅 歩11分,東急大井町線/大岡山駅 歩15分,42,6階建,3階,110000,5000,110000,110000,2K,36.0,https://suumo.jp/chintai/jnc_000086708970/?bc=100355510200,0,6,3,3
ダイイチヒルズ,東京都目黒区下目黒４,東急目黒線/不動前駅 歩13分,東急目黒線/武蔵小山駅 歩18分,ＪＲ山手線/目黒駅 歩19分,29,3階建,3階,115000,5000,115000,115000,2K,35.72,https://suumo.jp/chintai/jnc_000084915991/?bc=100353347791,0,3,3,3
ディーセントメグロ,東京都目黒区目黒本町４,東急東横線/学芸大学駅 歩12分,東急目黒線/武蔵小山駅 歩14分,東急目黒線/西小山駅 歩16分,34,3階建,1階,118000,0,118000,118000,2K,37.2,https://suumo.jp/chintai/jnc_000086781510/?bc=100355785086,0,3,1,1
東急目黒線 不動前駅 4階建 築52年,東京都目黒区下目黒３,東急目黒線/不動前駅 歩8分,東京メトロ南北線/目黒駅 歩15分,都営三田線/目黒駅 歩15分,52,4階建,1階,114000,5000,114000,114000,2K,32.54,https://suumo.jp/chintai/jnc_000086758244/?bc=100355587258,0,4,1,1
東急目黒線 不動前駅 4階建 築52年,東京都目黒区下目黒３,東急目黒線/不動前駅 歩8分,東京メトロ南北線/目黒駅 歩15分,都営三田線/目黒駅 歩15分,52,4階建,2階,115000,5000,115000,115000,2K,30.47,https://suumo.jp/chintai/jnc_000086758245/?bc=100355587324,0,4,2,2
東急東横線 都立大学駅 10階建 築39年,東京都目黒区柿の木坂１,東急東横線/都立大学駅 歩3分,東急東横線/学芸大学駅 歩20分,東急大井町線/緑が丘駅 歩19分,39,10階建,5階,132000,6000,132000,132000,2K,40.0,https://suumo.jp/chintai/jnc_000078457419/?bc=100345248833,0,10,5,5
東急東横線 都立大学駅 10階建 築39年,東京都目黒区柿の木坂１,東急東横線/都立大学駅 歩3分,東急東横線/学芸大学駅 歩20分,東急大井町線/緑が丘駅 歩19分,39,10階建,5階,132000,6000,132000,132000,2K,40.0,https://suumo.jp/chintai/jnc_000082083122/?bc=100326092064,0,10,5,5
キミン堂ビル,東京都目黒区目黒本町６,東急目黒線/武蔵小山駅 歩8分,東急目黒線/西小山駅 歩10分,東急東横線/学芸大学駅 歩18分,51,4階建,3階,80000,3000,80000,80000,2K,30.0,https://suumo.jp/chintai/jnc_000086901793/?bc=100356568542,0,4,3,3
ＪＲ山手線 目黒駅 4階建 築54年,東京都目黒区三田２,ＪＲ山手線/目黒駅 歩8分,東急東横線/中目黒駅 歩18分,ＪＲ山手線/恵比寿駅 歩11分,54,4階建,1階,115000,5000,115000,0,2K,33.12,https://suumo.jp/chintai/jnc_000082689418/?bc=100329708499,0,4,1,1
学大パールマンション,東京都目黒区鷹番２,東急東横線/学芸大学駅 歩4分,東急東横線/祐天寺駅 歩16分,東急東横線/都立大学駅 歩22分,44,地下1地上2階建,1階,118000,0,118000,118000,2K,38.1,https://suumo.jp/chintai/jnc_000086740490/?bc=100355510756,-1,2,1,1
東急目黒線 武蔵小山駅 3階建 築36年,東京都目黒区目黒本町４,東急目黒線/武蔵小山駅 歩14分,東急東横線/学芸大学駅 歩15分,東急目黒線/西小山駅 歩16分,36,3階建,1階,118000,0,118000,118000,2K,39.0,https://suumo.jp/chintai/jnc_000086305023/?bc=100353239780,0,3,1,1
東急目黒線 武蔵小山駅 2階建 築37年,東京都目黒区下目黒６,東急目黒線/武蔵小山駅 歩15分,東急目黒線/不動前駅 歩20分,東急東横線/祐天寺駅 歩22分,37,2階建,1階,98000,2000,98000,98000,2K,37.6,https://suumo.jp/chintai/jnc_000082783489/?bc=100331959965,0,2,1,1
ハナブサマンション,東京都目黒区青葉台１,東急東横線/中目黒駅 歩6分,東急東横線/代官山駅 歩8分,ＪＲ山手線/恵比寿駅 歩13分,38,4階建,4階,125000,5000,125000,187500,2DK,42.0,https://suumo.jp/chintai/jnc_000025208783/?bc=100352464305,0,4,4,4
東急東横線 祐天寺駅 7階建 築56年,東京都目黒区上目黒５,東急東横線/祐天寺駅 歩12分,東急田園都市線/池尻大橋駅 歩14分,東急東横線/中目黒駅 歩15分,56,7階建,1階,105000,9000,105000,105000,2K,31.32,https://suumo.jp/chintai/jnc_000054647092/?bc=100332283149,0,7,1,1
ＪＲ山手線 目黒駅 5階建 築51年,東京都目黒区目黒３,ＪＲ山手線/目黒駅 歩14分,東急目黒線/不動前駅 歩16分,東急目黒線/武蔵小山駅 歩23分,51,5階建,5階,82000,3000,82000,82000,2K,31.57,https://suumo.jp/chintai/jnc_000085390529/?bc=100356908414,0,5,5,5
東急東横線 都立大学駅 4階建 築3年,東京都目黒区碑文谷３,東急東横線/都立大学駅 歩8分,東急目黒線/大岡山駅 歩14分,東急東横線/学芸大学駅 歩19分,3,4階建,3階,172000,15000,0,0,2DK,40.16,https://suumo.jp/chintai/jnc_000069858189/?bc=100351500784,0,4,3,3
東急東横線 都立大学駅 4階建 築3年,東京都目黒区碑文谷３,東急東横線/都立大学駅 歩8分,東急目黒線/大岡山駅 歩14分,東急東横線/学芸大学駅 歩19分,3,4階建,1階,180000,10000,0,0,2DK,41.11,https://suumo.jp/chintai/jnc_000085588402/?bc=100356405179,0,4,1,1
東急東横線 都立大学駅 4階建 築3年,東京都目黒区碑文谷３,東急東横線/都立大学駅 歩8分,東急目黒線/大岡山駅 歩14分,東急東横線/学芸大学駅 歩19分,3,4階建,3階,183000,15000,0,0,2DK,41.11,https://suumo.jp/chintai/jnc_000086450464/?bc=100352557990,0,4,3,3
プラチナフォルム中目黒,東京都目黒区東山２,東急田園都市線/池尻大橋駅 歩8分,東急東横線/中目黒駅 歩10分,京王井の頭線/神泉駅 歩16分,3,地下1地上4階建,3-4階,174000,10000,0,0,2DK,41.12,https://suumo.jp/chintai/jnc_000075811548/?bc=100353667206,-1,4,3,4
ＪＲ山手線 目黒駅 4階建 築4年,東京都目黒区下目黒２,ＪＲ山手線/目黒駅 歩8分,東急目黒線/不動前駅 歩10分,東急池上線/大崎広小路駅 歩22分,4,4階建,4階,183000,12000,0,0,2DK,40.75,https://suumo.jp/chintai/jnc_000085963154/?bc=100351036106,0,4,4,4
ＳＯＮＯハウス,東京都目黒区平町１,東急東横線/都立大学駅 歩3分,東急大井町線/緑が丘駅 歩18分,東急東横線/学芸大学駅 歩19分,21,2階建,1階,130000,2000,130000,130000,2DK,43.0,https://suumo.jp/chintai/jnc_000085170039/?bc=100345039844,0,2,1,1
東急目黒線 不動前駅 地下1地上3階建 新築,東京都目黒区下目黒３,東急目黒線/不動前駅 歩6分,ＪＲ山手線/目黒駅 歩15分,東急目黒線/武蔵小山駅 歩16分,0,地下1地上3階建,2-3階,223000,15000,0,0,2LDK,40.04,https://suumo.jp/chintai/jnc_000086853885/?bc=100356863440,-1,3,2,3
東急目黒線 西小山駅 4階建 築11年,東京都目黒区目黒本町５,東急目黒線/西小山駅 歩5分,東急目黒線/武蔵小山駅 歩9分,東急目黒線/洗足駅 歩16分,11,4階建,3階,153000,5000,153000,153000,2DK,40.12,https://suumo.jp/chintai/jnc_000068739592/?bc=100355767576,0,4,3,3
東急東横線 自由が丘駅 2階建 築33年,東京都目黒区緑が丘１,東急東横線/自由が丘駅 歩10分,東急大井町線/緑が丘駅 歩7分,東急東横線/都立大学駅 歩12分,33,2階建,2階,78000,3500,78000,0,2DK,32.92,https://suumo.jp/chintai/jnc_000086423506/?bc=100314926076,0,2,2,2
プレジール東山,東京都目黒区東山３,東急田園都市線/池尻大橋駅 歩2分,東急東横線/祐天寺駅 歩24分,京王井の頭線/駒場東大前駅 歩19分,29,3階建,2階,117000,3000,117000,117000,2DK,40.56,https://suumo.jp/chintai/jnc_000086853900/?bc=100356267110,0,3,2,2
プレジール東山,東京都目黒区東山３,東急田園都市線/池尻大橋駅 歩2分,東急東横線/祐天寺駅 歩24分,京王井の頭線/駒場東大前駅 歩19分,29,3階建,2階,117000,5000,117000,117000,2DK,40.56,https://suumo.jp/chintai/jnc_000086740506/?bc=100355705123,0,3,2,2
東急東横線 都立大学駅 2階建 築2年,東京都目黒区柿の木坂１,東急東横線/都立大学駅 歩5分,東急東横線/学芸大学駅 歩19分,東急大井町線/自由が丘駅 歩25分,2,2階建,1階,230000,7000,230000,230000,2LDK,49.54,https://suumo.jp/chintai/jnc_000086788015/?bc=100356098700,0,2,1,1
ジュネス青葉台,東京都目黒区青葉台３,東急田園都市線/池尻大橋駅 歩10分,京王井の頭線/神泉駅 歩12分,東急東横線/中目黒駅 歩15分,18,3階建,2階,184000,4000,184000,276000,2LDK,56.74,https://suumo.jp/chintai/jnc_000087082323/?bc=100354259023,0,3,2,2
安藤グリーンハイム,東京都目黒区鷹番１,東急東横線/学芸大学駅 歩9分,東急東横線/祐天寺駅 歩19分,東急東横線/都立大学駅 歩20分,34,5階建,5階,140000,3000,140000,140000,2DK,35.64,https://suumo.jp/chintai/jnc_000084951835/?bc=100343796482,0,5,5,5
東急目黒線 不動前駅 4階建 築11年,東京都目黒区下目黒３,東急目黒線/不動前駅 歩7分,ＪＲ山手線/目黒駅 歩14分,東急目黒線/武蔵小山駅 歩13分,11,4階建,2階,174000,6000,174000,174000,2LDK,49.72,https://suumo.jp/chintai/jnc_000086271405/?bc=100356632018,0,4,2,2
ティンバー小林,東京都目黒区目黒本町４,東急目黒線/武蔵小山駅 歩10分,東急目黒線/西小山駅 歩14分,東急東横線/学芸大学駅 歩21分,36,地下1地上6階建,4階,127000,6000,127000,127000,2DK,43.5,https://suumo.jp/chintai/jnc_000072481006/?bc=100304375279,-1,6,4,4
ティンバー小林,東京都目黒区目黒本町４,東急目黒線/武蔵小山駅 歩10分,東急目黒線/西小山駅 歩14分,東急東横線/学芸大学駅 歩21分,36,地下1地上6階建,3階,127000,6000,127000,127000,2DK,35.1,https://suumo.jp/chintai/jnc_000022429151/?bc=100278157775,-1,6,3,3
海野アパート,東京都目黒区中町１,東急東横線/祐天寺駅 歩13分,東急東横線/学芸大学駅 歩16分,東急目黒線/武蔵小山駅 歩23分,37,2階建,1階,130000,0,130000,130000,2DK,50.0,https://suumo.jp/chintai/jnc_000047276905/?bc=100353784416,0,2,1,1
東急東横線 祐天寺駅 2階建 築37年,東京都目黒区中町１,東急東横線/祐天寺駅 歩13分,東急東横線/学芸大学駅 歩16分,東急目黒線/武蔵小山駅 歩22分,37,2階建,1階,130000,0,130000,130000,2DK,50.0,https://suumo.jp/chintai/jnc_000086813457/?bc=100354595059,0,2,1,1
東急目黒線 西小山駅 3階建 築35年,東京都目黒区原町１,東急目黒線/西小山駅 歩5分,東急目黒線/洗足駅 歩12分,東急目黒線/武蔵小山駅 歩14分,35,3階建,1階,128000,0,128000,128000,2DK,43.0,https://suumo.jp/chintai/jnc_000059665753/?bc=100346240825,0,3,1,1
東急目黒線 西小山駅 3階建 築35年,東京都目黒区原町１,東急目黒線/西小山駅 歩5分,東急目黒線/洗足駅 歩12分,東急目黒線/武蔵小山駅 歩14分,35,3階建,2階,128000,0,128000,128000,2DK,43.0,https://suumo.jp/chintai/jnc_000064390232/?bc=100352734586,0,3,2,2
東京メトロ日比谷線 中目黒駅 地下1地上3階建 築2年,東京都目黒区上目黒３,東京メトロ日比谷線/中目黒駅 歩7分,東急東横線/代官山駅 歩14分,京王井の頭線/神泉駅 歩20分,2,地下1地上3階建,3階,250000,15000,0,0,2LDK,40.92,https://suumo.jp/chintai/jnc_000076152702/?bc=100340190592,-1,3,3,3
パークリュクス目黒,東京都目黒区下目黒３,東急目黒線/不動前駅 歩8分,ＪＲ山手線/目黒駅 歩10分,ＪＲ山手線/五反田駅 歩20分,10,14階建,14階,263000,16000,263000,263000,2LDK,55.74,https://suumo.jp/chintai/jnc_000086083073/?bc=100351050255,0,14,14,14
東急目黒線 不動前駅 3階建 築40年,東京都目黒区下目黒３,東急目黒線/不動前駅 歩7分,東急目黒線/武蔵小山駅 歩11分,ＪＲ山手線/目黒駅 歩19分,40,3階建,3階,115000,5000,115000,115000,2DK,34.38,https://suumo.jp/chintai/jnc_000052584118/?bc=100349515469,0,3,3,3
東急大井町線 大岡山駅 3階建 築35年,東京都目黒区南３,東急大井町線/大岡山駅 歩10分,東急目黒線/洗足駅 歩12分,東急大井町線/北千束駅 歩13分,35,3階建,1階,130000,7000,130000,130000,2DK,46.17,https://suumo.jp/chintai/jnc_000085779358/?bc=100348760808,0,3,1,1
東急目黒線 不動前駅 14階建 築13年,東京都目黒区下目黒３,東急目黒線/不動前駅 歩7分,ＪＲ山手線/目黒駅 歩10分,ＪＲ山手線/五反田駅 歩18分,13,14階建,14階,263000,16000,263000,263000,2LDK,55.74,https://suumo.jp/chintai/jnc_000086083077/?bc=100351165656,0,14,14,14
東急東横線 中目黒駅 4階建 築38年,東京都目黒区青葉台１,東急東横線/中目黒駅 歩6分,東急東横線/代官山駅 歩8分,ＪＲ山手線/恵比寿駅 歩13分,38,4階建,4階,125000,5000,125000,187500,2DK,42.0,https://suumo.jp/chintai/jnc_000032045524/?bc=100352412794,0,4,4,4
東急東横線 中目黒駅 4階建 築38年,東京都目黒区青葉台１,東急東横線/中目黒駅 歩6分,東急東横線/代官山駅 歩8分,ＪＲ山手線/恵比寿駅 歩13分,38,4階建,4階,125000,5000,125000,187500,2DK,42.0,https://suumo.jp/chintai/jnc_000085923139/?bc=100352760119,0,4,4,4
ＪＲ山手線 目黒駅 地下1地上10階建 築1年,東京都目黒区目黒２,ＪＲ山手線/目黒駅 歩7分,東急目黒線/不動前駅 歩12分,ＪＲ山手線/恵比寿駅 歩20分,1,地下1地上10階建,5階,274000,20000,0,0,2LDK,44.22,https://suumo.jp/chintai/jnc_000080318876/?bc=100351823321,-1,10,5,5
ＪＲ山手線 目黒駅 地下1地上10階建 築1年,東京都目黒区目黒２,ＪＲ山手線/目黒駅 歩7分,東急目黒線/不動前駅 歩12分,ＪＲ山手線/恵比寿駅 歩20分,1,地下1地上10階建,10階,310000,20000,0,0,2LDK,44.22,https://suumo.jp/chintai/jnc_000082318250/?bc=100353283563,-1,10,10,10
ＪＲ山手線 目黒駅 2階建 築36年,東京都目黒区下目黒５,ＪＲ山手線/目黒駅 歩18分,東急目黒線/武蔵小山駅 歩17分,東急東横線/祐天寺駅 歩21分,36,2階建,1階,103000,0,103000,103000,2DK,39.74,https://suumo.jp/chintai/jnc_000025602146/?bc=100349669643,0,2,1,1
(仮称)鷹番１丁目メゾン,東京都目黒区鷹番１,東急東横線/学芸大学駅 歩5分,東急東横線/祐天寺駅 歩18分,東急東横線/都立大学駅 歩19分,0,3階建,1階,223000,7000,223000,446000,2LDK,53.12,https://suumo.jp/chintai/jnc_000085773583/?bc=100350627583,0,3,1,1
(仮称)鷹番１丁目メゾン,東京都目黒区鷹番１,東急東横線/学芸大学駅 歩5分,東急東横線/祐天寺駅 歩18分,東急東横線/都立大学駅 歩19分,0,3階建,2階,232000,7000,232000,464000,2LDK,53.12,https://suumo.jp/chintai/jnc_000085788390/?bc=100350627575,0,3,2,2
(仮称)鷹番１丁目メゾン,東京都目黒区鷹番１,東急東横線/学芸大学駅 歩5分,東急東横線/祐天寺駅 歩18分,東急東横線/都立大学駅 歩19分,0,3階建,3階,233000,7000,233000,466000,2LDK,52.39,https://suumo.jp/chintai/jnc_000085788391/?bc=100350627628,0,3,3,3
京王井の頭線 駒場東大前駅 地下1地上3階建 築34年,東京都目黒区駒場１,京王井の頭線/駒場東大前駅 歩3分,京王井の頭線/神泉駅 歩11分,東急田園都市線/池尻大橋駅 歩17分,34,地下1地上3階建,2階,105000,4000,0,105000,2DK,39.6,https://suumo.jp/chintai/jnc_000086781481/?bc=100355790860,-1,3,2,2
オープンレジデンシア中目黒,東京都目黒区東山２,東急田園都市線/池尻大橋駅 歩7分,東急東横線/中目黒駅 歩14分,東京メトロ日比谷線/中目黒駅 歩14分,3,地下1地上4階建,1階,280000,29000,280000,280000,2LDK,53.43,https://suumo.jp/chintai/jnc_000086185827/?bc=100351801226,-1,4,1,1
東急目黒線 目黒駅 地下1地上10階建 新築,東京都目黒区目黒２,東急目黒線/目黒駅 歩9分,東急目黒線/不動前駅 歩14分,ＪＲ山手線/恵比寿駅 歩24分,0,地下1地上10階建,5階,274000,20000,0,0,2LDK,44.22,https://suumo.jp/chintai/jnc_000086881726/?bc=100351457929,-1,10,5,5
東急目黒線 目黒駅 地下1地上10階建 新築,東京都目黒区目黒２,東急目黒線/目黒駅 歩9分,東急目黒線/不動前駅 歩14分,ＪＲ山手線/恵比寿駅 歩24分,0,地下1地上10階建,10階,310000,20000,0,0,2LDK,44.22,https://suumo.jp/chintai/jnc_000086881725/?bc=100356469898,-1,10,10,10
東急東横線 都立大学駅 3階建 築4年,東京都目黒区中根２,東急東横線/都立大学駅 歩6分,東急大井町線/緑が丘駅 歩14分,東急東横線/自由が丘駅 歩18分,4,3階建,3階,254000,15000,254000,254000,2LDK,51.44,https://suumo.jp/chintai/jnc_000086509863/?bc=100353934521,0,3,3,3
東急田園都市線 池尻大橋駅 42階建 築12年,東京都目黒区大橋１,東急田園都市線/池尻大橋駅 歩5分,京王井の頭線/神泉駅 歩14分,京王井の頭線/駒場東大前駅 歩17分,12,42階建,12階,300000,20000,300000,300000,2LDK,61.68,https://suumo.jp/chintai/jnc_000086191895/?bc=100351876812,0,42,12,12
東急田園都市線 池尻大橋駅 42階建 築12年,東京都目黒区大橋１,東急田園都市線/池尻大橋駅 歩5分,京王井の頭線/神泉駅 歩14分,京王井の頭線/駒場東大前駅 歩17分,12,42階建,37階,400000,20000,400000,400000,2LDK,70.22,https://suumo.jp/chintai/jnc_000086687788/?bc=100355126454,0,42,37,37
東急東横線 祐天寺駅 3階建 新築,東京都目黒区中町２,東急東横線/祐天寺駅 歩11分,東急東横線/学芸大学駅 歩14分,東急東横線/中目黒駅 歩20分,0,3階建,2階,218000,6500,218000,436000,2LDK,53.08,https://suumo.jp/chintai/jnc_000084679867/?bc=100342066274,0,3,2,2
東京メトロ日比谷線 中目黒駅 2階建 築51年,東京都目黒区中目黒４,東京メトロ日比谷線/中目黒駅 歩11分,東急東横線/代官山駅 歩18分,ＪＲ山手線/恵比寿駅 歩19分,51,2階建,2階,88000,2000,88000,88000,2DK,30.0,https://suumo.jp/chintai/jnc_000084507222/?bc=100343464789,0,2,2,2
京王井の頭線 神泉駅 18階建 築2年,東京都目黒区青葉台４,京王井の頭線/神泉駅 歩7分,東急田園都市線/池尻大橋駅 歩10分,ＪＲ山手線/渋谷駅 歩14分,2,18階建,7階,309000,20000,309000,0,2LDK,47.06,https://suumo.jp/chintai/jnc_000085478819/?bc=100355643995,0,18,7,7
東急東横線 中目黒駅 地下1地上12階建 築46年,東京都目黒区中目黒１,東急東横線/中目黒駅 歩4分,東急東横線/代官山駅 歩6分,ＪＲ山手線/恵比寿駅 歩12分,46,地下1地上12階建,7階,185000,5000,0,185000,2DK,36.3,https://suumo.jp/chintai/jnc_000085746843/?bc=100354567568,-1,12,7,7
レガシス代官山,東京都目黒区中目黒１,ＪＲ山手線/恵比寿駅 歩9分,東急東横線/代官山駅 歩6分,,0,6階建,4階,440000,0,440000,440000,2LDK,66.27,https://suumo.jp/chintai/jnc_000086740502/?bc=100355474464,0,6,4,4
東急目黒線 西小山駅 地下1地上4階建 築28年,東京都目黒区目黒本町４,東急目黒線/西小山駅 歩14分,東急目黒線/武蔵小山駅 歩16分,東急東横線/学芸大学駅 歩20分,28,地下1地上4階建,1階,145000,10000,145000,145000,2DK,50.77,https://suumo.jp/chintai/jnc_000069623365/?bc=100344907671,-1,4,1,1
東急大井町線 大岡山駅 3階建 新築,東京都目黒区大岡山２,東急大井町線/大岡山駅 歩4分,東急大井町線/緑が丘駅 歩12分,東急目黒線/洗足駅 歩15分,0,3階建,1階,258000,6500,258000,516000,2LDK,61.63,https://suumo.jp/chintai/jnc_000085220551/?bc=100345344261,0,3,1,1
東急大井町線 大岡山駅 3階建 新築,東京都目黒区大岡山２,東急大井町線/大岡山駅 歩4分,東急大井町線/緑が丘駅 歩12分,東急目黒線/洗足駅 歩15分,0,3階建,1階,263000,6500,263000,526000,2LDK,64.02,https://suumo.jp/chintai/jnc_000085220550/?bc=100345344255,0,3,1,1
東急大井町線 大岡山駅 3階建 新築,東京都目黒区大岡山２,東急大井町線/大岡山駅 歩4分,東急大井町線/緑が丘駅 歩12分,東急目黒線/洗足駅 歩15分,0,3階建,2階,263000,6500,263000,526000,2LDK,62.15,https://suumo.jp/chintai/jnc_000085220553/?bc=100345344280,0,3,2,2
東急大井町線 大岡山駅 3階建 新築,東京都目黒区大岡山２,東急大井町線/大岡山駅 歩4分,東急大井町線/緑が丘駅 歩12分,東急目黒線/洗足駅 歩15分,0,3階建,2階,268000,6500,268000,536000,2LDK,64.02,https://suumo.jp/chintai/jnc_000085220552/?bc=100345344270,0,3,2,2
東急東横線 代官山駅 6階建 築0年,東京都目黒区中目黒１,東急東横線/代官山駅 歩6分,ＪＲ山手線/恵比寿駅 歩9分,東急東横線/中目黒駅 歩10分,0,6階建,2階,352000,0,352000,352000,2LDK,57.17,https://suumo.jp/chintai/jnc_000086758251/?bc=100356426910,0,6,2,2
ＪＲ山手線 目黒駅 25階建 築16年,東京都目黒区目黒１,ＪＲ山手線/目黒駅 歩7分,東急目黒線/不動前駅 歩15分,ＪＲ山手線/恵比寿駅 歩20分,16,25階建,22階,648000,50000,648000,1296000,2LDK,105.83,https://suumo.jp/chintai/jnc_000086271421/?bc=100356582122,0,25,22,22
トーア青葉台マンション,東京都目黒区青葉台２,東急東横線/中目黒駅 歩9分,東急田園都市線/池尻大橋駅 歩10分,東京メトロ日比谷線/中目黒駅 歩10分,45,9階建,8階,162000,8000,324000,162000,2DK,43.74,https://suumo.jp/chintai/jnc_000085076456/?bc=100344338349,0,9,8,8
ＪＲ山手線 目黒駅 4階建 築22年,東京都目黒区目黒１,ＪＲ山手線/目黒駅 歩9分,東急目黒線/不動前駅 歩16分,ＪＲ山手線/恵比寿駅 歩20分,22,4階建,1階,287000,8000,287000,287000,2LDK,65.16,https://suumo.jp/chintai/jnc_000086265556/?bc=100352503655,0,4,1,1
ＪＲ山手線 目黒駅 4階建 築22年,東京都目黒区目黒１,ＪＲ山手線/目黒駅 歩9分,東急目黒線/不動前駅 歩16分,ＪＲ山手線/恵比寿駅 歩20分,22,4階建,2階,292000,8000,292000,292000,2LDK,65.16,https://suumo.jp/chintai/jnc_000086793838/?bc=100355876474,0,4,2,2
エメラパン,東京都目黒区中町１,東急東横線/祐天寺駅 歩15分,東急東横線/学芸大学駅 歩16分,東急目黒線/武蔵小山駅 歩18分,1,3階建,1階,289000,3000,289000,289000,2LDK,72.66,https://suumo.jp/chintai/jnc_000086731759/?bc=100355389690,0,3,1,1
Ｃａｓａ　Ｅｒｉｎｃａ,東京都目黒区緑が丘２,東急大井町線/自由が丘駅 歩10分,東急東横線/都立大学駅 歩10分,東急大井町線/緑が丘駅 歩15分,2,地下1地上2階建,1階,350000,10000,350000,350000,2LDK,69.38,https://suumo.jp/chintai/jnc_000082414399/?bc=100340841926,-1,2,1,1
東急目黒線 大岡山駅 10階建 築7年,東京都目黒区南３,東急目黒線/大岡山駅 歩10分,東急東横線/都立大学駅 歩15分,東急目黒線/洗足駅 歩15分,7,10階建,9階,350000,11000,0,350000,2LDK,67.89,https://suumo.jp/chintai/jnc_000086975925/?bc=100332343266,0,10,9,9
東急東横線 学芸大学駅 2階建 築26年,東京都目黒区五本木３,東急東横線/学芸大学駅 歩6分,東急東横線/祐天寺駅 歩15分,東急田園都市線/三軒茶屋駅 歩25分,26,2階建,2階,201000,3500,70000,301500,2LDK,70.8,https://suumo.jp/chintai/jnc_000086405318/?bc=100353616701,0,2,2,2
山中レジデンス,東京都目黒区下目黒３,東急目黒線/不動前駅 歩7分,ＪＲ山手線/目黒駅 歩13分,東急目黒線/武蔵小山駅 歩13分,29,5階建,3階,220000,0,220000,220000,2LDK,80.04,https://suumo.jp/chintai/jnc_000086793821/?bc=100355257594,0,5,3,3
松見坂武蔵野マンション,東京都目黒区青葉台４,京王井の頭線/神泉駅 歩8分,東急田園都市線/池尻大橋駅 歩11分,京王井の頭線/渋谷駅 歩14分,56,15階建,12階,120000,10000,120000,120000,2DK,39.53,https://suumo.jp/chintai/jnc_000080459451/?bc=100335849101,0,15,12,12
松見坂武蔵野マンション,東京都目黒区青葉台４,京王井の頭線/神泉駅 歩8分,東急田園都市線/池尻大橋駅 歩11分,京王井の頭線/渋谷駅 歩14分,56,15階建,12階,120000,10000,120000,120000,2DK,39.53,https://suumo.jp/chintai/jnc_000083344284/?bc=100333728421,0,15,12,12
メゾン白金,東京都目黒区原町２,東急目黒線/洗足駅 歩8分,東急目黒線/西小山駅 歩10分,東急大井町線/大岡山駅 歩17分,38,3階建,2階,105000,0,105000,105000,2LDK,38.0,https://suumo.jp/chintai/jnc_000086925333/?bc=100335457716,0,3,2,2
東急田園都市線 池尻大橋駅 4階建 築57年,東京都目黒区青葉台３,東急田園都市線/池尻大橋駅 歩8分,東急東横線/中目黒駅 歩13分,京王井の頭線/渋谷駅 歩18分,57,4階建,1階,96000,4000,96000,96000,2DK,40.0,https://suumo.jp/chintai/jnc_000085689205/?bc=100349725925,0,4,1,1
東急目黒線 不動前駅 9階建 築20年,東京都目黒区下目黒２,東急目黒線/不動前駅 歩7分,ＪＲ山手線/目黒駅 歩11分,ＪＲ山手線/五反田駅 歩20分,20,9階建,1階,350000,15000,350000,350000,2LDK,78.63,https://suumo.jp/chintai/jnc_000086392587/?bc=100353493636,0,9,1,1
ジェイパーク目黒IV,東京都目黒区下目黒２,東急目黒線/不動前駅 歩7分,ＪＲ山手線/目黒駅 歩11分,ＪＲ山手線/五反田駅 歩20分,20,9階建,1階,350000,15000,350000,350000,2LDK,78.63,https://suumo.jp/chintai/jnc_000086472024/?bc=100353641673,0,9,1,1
ジェイパーク目黒IV,東京都目黒区下目黒２,東急目黒線/不動前駅 歩7分,ＪＲ山手線/目黒駅 歩11分,ＪＲ山手線/五反田駅 歩20分,20,9階建,1階,350000,15000,350000,350000,2LDK,78.63,https://suumo.jp/chintai/jnc_000086379904/?bc=100353607942,0,9,1,1
ジェイパーク目黒IV,東京都目黒区下目黒２,東急目黒線/不動前駅 歩7分,ＪＲ山手線/目黒駅 歩11分,ＪＲ山手線/五反田駅 歩20分,20,9階建,1階,350000,15000,350000,350000,2LDK,78.63,https://suumo.jp/chintai/jnc_000086415918/?bc=100356399365,0,9,1,1
へーベルメゾン目黒本町Central,東京都目黒区目黒本町４,東急目黒線/武蔵小山駅 歩14分,東急目黒線/西小山駅 歩12分,東急東横線/学芸大学駅 歩20分,3,4階建,1階,189000,10000,189000,189000,2LDK,53.68,https://suumo.jp/chintai/jnc_000086311448/?bc=100352600068,0,4,1,1
シャトレ中根１階,東京都目黒区中根１,東急東横線/都立大学駅 歩7分,東急東横線/自由が丘駅 歩11分,,43,2階建,1階,190000,10000,190000,190000,2LDK,60.87,https://suumo.jp/chintai/jnc_000086174001/?bc=100351701680,0,2,1,1
シャトレ中根１階,東京都目黒区中根１,東急東横線/都立大学駅 歩7分,東急東横線/自由が丘駅 歩11分,,43,2階建,1階,190000,10000,190000,190000,2LDK,60.87,https://suumo.jp/chintai/jnc_000086951007/?bc=100355661757,0,2,1,1
東急田園都市線 池尻大橋駅 地下2地上27階建 築15年,東京都目黒区大橋１,東急田園都市線/池尻大橋駅 歩5分,京王井の頭線/神泉駅 歩17分,京王井の頭線/駒場東大前駅 歩19分,15,地下2地上27階建,22階,400000,0,800000,400000,2LDK,76.03,https://suumo.jp/chintai/jnc_000086996936/?bc=100354818445,-2,27,22,22
ＪＲ山手線 目黒駅 10階建 築20年,東京都目黒区下目黒１,ＪＲ山手線/目黒駅 歩5分,東急目黒線/不動前駅 歩15分,ＪＲ山手線/五反田駅 歩19分,20,10階建,4階,307000,10000,307000,460500,2LDK,65.6,https://suumo.jp/chintai/jnc_000086572031/?bc=100354387891,0,10,4,4
ＪＲ山手線 目黒駅 10階建 築20年,東京都目黒区下目黒１,ＪＲ山手線/目黒駅 歩5分,東急目黒線/不動前駅 歩15分,ＪＲ山手線/五反田駅 歩19分,20,10階建,2階,318000,10000,318000,477000,2LDK,73.14,https://suumo.jp/chintai/jnc_000085647718/?bc=100347983454,0,10,2,2
京王井の頭線 神泉駅 17階建 築56年,東京都目黒区青葉台４,京王井の頭線/神泉駅 歩7分,東急田園都市線/池尻大橋駅 歩11分,京王井の頭線/渋谷駅 歩14分,56,17階建,12階,120000,10000,120000,120000,2DK,39.53,https://suumo.jp/chintai/jnc_000048162903/?bc=100350277673,0,17,12,12
東急東横線 学芸大学駅 5階建 築37年,東京都目黒区目黒本町１,東急東横線/学芸大学駅 歩14分,東急目黒線/武蔵小山駅 歩18分,東急東横線/祐天寺駅 歩19分,37,5階建,3階,120000,0,120000,120000,2DK,41.82,https://suumo.jp/chintai/jnc_000042630800/?bc=100353976446,0,5,3,3
ライオンズマンション中目黒,東京都目黒区青葉台１,東急東横線/中目黒駅 歩5分,ＪＲ山手線/渋谷駅 歩21分,東急田園都市線/池尻大橋駅 歩16分,46,13階建,3階,160000,0,160000,160000,2DK,42.8,https://suumo.jp/chintai/jnc_000086363302/?bc=100356395021,0,13,3,3
東急東横線 中目黒駅 5階建 築18年,東京都目黒区青葉台２,東急東横線/中目黒駅 歩11分,東急田園都市線/池尻大橋駅 歩14分,東急東横線/代官山駅 歩14分,18,5階建,2階,290000,8000,580000,290000,2LDK,66.0,https://suumo.jp/chintai/jnc_000086915557/?bc=100355404927,0,5,2,2
東急田園都市線 池尻大橋駅 7階建 築50年,東京都目黒区駒場１,東急田園都市線/池尻大橋駅 歩10分,京王井の頭線/駒場東大前駅 歩8分,東急田園都市線/三軒茶屋駅 歩30分,50,7階建,6階,135000,0,135000,135000,2DK,46.3,https://suumo.jp/chintai/jnc_000086781482/?bc=100356127587,0,7,6,6
ニューウェルハイツ学芸大学,東京都目黒区目黒本町２,東急東横線/学芸大学駅 歩13分,東急目黒線/西小山駅 歩17分,東急目黒線/武蔵小山駅 歩18分,42,4階建,2階,110000,0,220000,110000,2DK,42.36,https://suumo.jp/chintai/jnc_000077883436/?bc=100303155388,0,4,2,2
ニューウェルハイツ学芸大学,東京都目黒区目黒本町２,東急東横線/学芸大学駅 歩13分,東急目黒線/西小山駅 歩17分,東急目黒線/武蔵小山駅 歩18分,42,4階建,2階,110000,0,220000,110000,2DK,42.36,https://suumo.jp/chintai/jnc_000081760445/?bc=100324135132,0,4,2,2
ルフォンプログレ学芸大学,東京都目黒区鷹番３,東急東横線/学芸大学駅 歩2分,東急東横線/祐天寺駅 歩15分,東急田園都市線/三軒茶屋駅 歩30分,17,地下1地上6階建,1階,264000,10000,264000,0,2LDK,80.75,https://suumo.jp/chintai/jnc_000086806420/?bc=100265728845,-1,6,1,1
ＪＲ山手線 目黒駅 5階建 築53年,東京都目黒区下目黒２,ＪＲ山手線/目黒駅 歩10分,東急目黒線/不動前駅 歩4分,東急池上線/五反田駅 歩17分,53,5階建,3階,90000,0,90000,90000,2DK,30.0,https://suumo.jp/chintai/jnc_000085735755/?bc=100348433447,0,5,3,3
ＪＲ山手線 目黒駅 5階建 築53年,東京都目黒区下目黒２,ＪＲ山手線/目黒駅 歩10分,東急目黒線/不動前駅 歩4分,東急池上線/五反田駅 歩17分,53,5階建,4階,105000,0,105000,105000,2LDK,39.0,https://suumo.jp/chintai/jnc_000085735756/?bc=100344847531,0,5,4,4
ザ・パークハビオSOHO祐天寺,東京都目黒区祐天寺２,東急東横線/祐天寺駅 歩2分,東急東横線/中目黒駅 歩14分,東急東横線/学芸大学駅 歩16分,0,7階建,7階,410000,25000,410000,410000,2LDK,51.8,https://suumo.jp/chintai/jnc_000083567094/?bc=100331160145,0,7,7,7
プリズムタワー,東京都目黒区大橋１,東急田園都市線/池尻大橋駅 歩2分,京王井の頭線/駒場東大前駅 歩17分,京王井の頭線/神泉駅 歩16分,15,地下2地上27階建,22階,400000,0,800000,400000,2LDK,76.03,https://suumo.jp/chintai/jnc_000086996934/?bc=100354943081,-2,27,22,22
東急東横線 都立大学駅 地下1地上6階建 築24年,東京都目黒区柿の木坂１,東急東横線/都立大学駅 歩3分,東急東横線/学芸大学駅 歩21分,東急東横線/自由が丘駅 歩23分,24,地下1地上6階建,4階,226000,15000,226000,0,2LDK,57.67,https://suumo.jp/chintai/jnc_000086329904/?bc=100302526324,-1,6,4,4
ＪＲ山手線 目黒駅 5階建 築22年,東京都目黒区目黒３,ＪＲ山手線/目黒駅 歩14分,東急東横線/中目黒駅 歩16分,東急目黒線/不動前駅 歩18分,22,5階建,2階,176000,13000,176000,352000,2LDK,54.49,https://suumo.jp/chintai/jnc_000086472044/?bc=100351065367,0,5,2,2
プロスペアー祐天寺第2,東京都目黒区中町２,東急東横線/祐天寺駅 歩7分,東急東横線/学芸大学駅 歩13分,東京メトロ日比谷線/中目黒駅 歩19分,40,7階建,4階,155000,10000,155000,155000,2LDK,51.04,https://suumo.jp/chintai/jnc_000086607364/?bc=100354584214,0,7,4,4
プロスペアー祐天寺第2,東京都目黒区中町２,東急東横線/祐天寺駅 歩7分,東急東横線/学芸大学駅 歩13分,東京メトロ日比谷線/中目黒駅 歩19分,40,7階建,4階,155000,10000,155000,155000,2LDK,51.04,https://suumo.jp/chintai/jnc_000086577259/?bc=100354396800,0,7,4,4
東急東横線 祐天寺駅 7階建 築40年,東京都目黒区中町２,東急東横線/祐天寺駅 歩7分,東急東横線/学芸大学駅 歩13分,東京メトロ日比谷線/中目黒駅 歩19分,40,7階建,4階,155000,10000,155000,155000,2LDK,51.04,https://suumo.jp/chintai/jnc_000086572047/?bc=100356885505,0,7,4,4
第一菊地マンション,東京都目黒区鷹番３,東急東横線/学芸大学駅 歩3分,東急東横線/祐天寺駅 歩16分,東急東横線/都立大学駅 歩18分,52,地下1地上5階建,2階,125000,5000,0,0,2DK,36.0,https://suumo.jp/chintai/jnc_000086951001/?bc=100356882218,-1,5,2,2
ベルメゾン目黒,東京都目黒区目黒本町２,東急東横線/学芸大学駅 歩11分,東急目黒線/武蔵小山駅 歩20分,東急東横線/祐天寺駅 歩22分,27,5階建,2階,250000,10000,250000,250000,2LDK,51.84,https://suumo.jp/chintai/jnc_000085364195/?bc=100347723347,0,5,2,2
東急東横線 学芸大学駅 4階建 築33年,東京都目黒区碑文谷６,東急東横線/学芸大学駅 歩4分,東急東横線/都立大学駅 歩17分,東急東横線/祐天寺駅 歩19分,33,4階建,3階,180000,12000,180000,180000,2LDK,49.1,https://suumo.jp/chintai/jnc_000086499840/?bc=100354018882,0,4,3,3
東急目黒線 西小山駅 4階建 築43年,東京都目黒区原町２,東急目黒線/西小山駅 歩10分,東急目黒線/洗足駅 歩7分,東急大井町線/大岡山駅 歩14分,43,4階建,2階,114000,3000,228000,0,2LDK,40.92,https://suumo.jp/chintai/jnc_000083934903/?bc=100327594603,0,4,2,2
サンシャイン学大,東京都目黒区鷹番３,東急東横線/学芸大学駅 歩4分,東急東横線/都立大学駅 歩19分,,41,3階建,3階,180000,2000,180000,180000,2LDK,45.0,https://suumo.jp/chintai/jnc_000085907100/?bc=100349776310,0,3,3,3
東急東横線 学芸大学駅 6階建 築53年,東京都目黒区碑文谷５,東急東横線/学芸大学駅 歩9分,東急東横線/都立大学駅 歩10分,東急目黒線/西小山駅 歩23分,53,6階建,2階,125000,5000,125000,125000,2LDK,52.08,https://suumo.jp/chintai/jnc_000085731381/?bc=100348393249,0,6,2,2
東急田園都市線 池尻大橋駅 地下1地上3階建 築34年,東京都目黒区東山２,東急田園都市線/池尻大橋駅 歩10分,東急東横線/中目黒駅 歩12分,京王井の頭線/神泉駅 歩18分,34,地下1地上3階建,2階,500000,0,1000000,500000,2LDK,105.56,https://suumo.jp/chintai/jnc_000086509871/?bc=100353905411,-1,3,2,2
東急東横線 中目黒駅 5階建 築43年,東京都目黒区青葉台１,東急東横線/中目黒駅 歩5分,東急東横線/代官山駅 歩10分,東京メトロ日比谷線/恵比寿駅 歩14分,43,5階建,2階,200000,10000,200000,200000,2LDK,51.84,https://suumo.jp/chintai/jnc_000069593705/?bc=100355863144,0,5,2,2
スウィフト東山,東京都目黒区東山３,東急田園都市線/池尻大橋駅 歩1分,京王井の頭線/駒場東大前駅 歩18分,京王井の頭線/神泉駅 歩17分,31,地下1地上5階建,4-5階,285000,15000,285000,285000,2LDK,76.23,https://suumo.jp/chintai/jnc_000085951025/?bc=100350870460,-1,5,4,5
東急田園都市線 池尻大橋駅 11階建 築56年,東京都目黒区大橋２,東急田園都市線/池尻大橋駅 歩6分,京王井の頭線/神泉駅 歩9分,京王井の頭線/駒場東大前駅 歩14分,56,11階建,2階,175000,10000,175000,0,2LDK,52.77,https://suumo.jp/chintai/jnc_000056810230/?bc=100356291698,0,11,2,2
ハイツミヨシ,東京都目黒区中町２,東急東横線/祐天寺駅 歩6分,東急東横線/学芸大学駅 歩9分,東急東横線/中目黒駅 歩21分,54,6階建,6階,146000,4000,146000,0,2LDK,45.8,https://suumo.jp/chintai/jnc_000085364175/?bc=100346379461,0,6,6,6
スウィフト東山,東京都目黒区東山３,東急田園都市線/池尻大橋駅 歩1分,ＪＲ山手線/渋谷駅 歩20分,京王井の頭線/神泉駅 歩17分,31,5階建,4階,285000,15000,285000,285000,2LDK,76.23,https://suumo.jp/chintai/jnc_000085944545/?bc=100350385597,0,5,4,4
日米ビル,東京都目黒区大橋１,東急田園都市線/池尻大橋駅 歩7分,東急東横線/中目黒駅 歩16分,ＪＲ山手線/渋谷駅 バス5分 (バス停)大橋 歩2分,54,12階建,7階,220000,10000,220000,220000,2LDK,54.91,https://suumo.jp/chintai/jnc_000086646018/?bc=100356746024,0,12,7,7
ＪＲ山手線 五反田駅 11階建 築46年,東京都目黒区下目黒２,ＪＲ山手線/五反田駅 歩19分,東急目黒線/不動前駅 歩8分,ＪＲ山手線/目黒駅 歩10分,46,11階建,3階,105000,5000,105000,0,2DK,44.98,https://suumo.jp/chintai/jnc_000085834753/?bc=100352363905,0,11,3,3
三幸ビル（サンコウビル）,東京都目黒区目黒本町５,東急目黒線/西小山駅 歩2分,東急大井町線/北千束駅 歩15分,東急池上線/旗の台駅 歩14分,51,4階建,4階,135000,3000,135000,135000,2LDK,43.31,https://suumo.jp/chintai/jnc_000086279233/?bc=100349256800,0,4,4,4
